{
    "rmse": 0.0010256160003841621,
    "mean": 0.0009878442547319782,
    "median": 0.0009716907245771181,
    "std": 0.0002757751051799784,
    "min": 0.0005030745876519126,
    "max": 0.0014884988664237214,
    "sse": 9.466993622196053e-06
}