{
    "mean_psnr": 29.385677337646484,
    "mean_ssim": 0.8208199133364003,
    "mean_lpips": 0.3714033378643936
}