{
    "mean_psnr": 24.058633063701873,
    "mean_ssim": 0.763455850012759,
    "mean_lpips": 0.6285761052623708
}