{
    "rmse": 0.0026467707189340934,
    "mean": 0.002345153434331316,
    "median": 0.0023782777311806536,
    "std": 0.0012270495540323276,
    "min": 0.0004527851574155757,
    "max": 0.0052665102155281494,
    "sse": 9.807553334049658e-05
}