{
    "rmse": 0.001494387111899322,
    "mean": 0.0012885654544247563,
    "median": 0.0011371733330251934,
    "std": 0.0007568301724124896,
    "min": 0.00015144431133354622,
    "max": 0.002921645589286155,
    "sse": 2.2331928402107972e-05
}