{
    "rmse": 0.0009453305809469577,
    "mean": 0.0009168723902666441,
    "median": 0.0009462122229559547,
    "std": 0.00023020627107062702,
    "min": 0.00048066760514598486,
    "max": 0.0012702925282630933,
    "sse": 8.042849165461612e-06
}