{
    "mean_psnr": 23.659536512274492,
    "mean_ssim": 0.7401246516328109,
    "mean_lpips": 0.5808677692162363
}