{
    "rmse": 0.0009595141429531522,
    "mean": 0.0009145885276335313,
    "median": 0.0008318853833840514,
    "std": 0.00029016411847134307,
    "min": 0.0004201262464200509,
    "max": 0.001332796922223286,
    "sse": 7.365339124216978e-06
}