{
    "rmse": 0.18577684989161544,
    "mean": 0.17136505497045473,
    "median": 0.18393475490325364,
    "std": 0.07174298495758905,
    "min": 0.04917850686125059,
    "max": 0.26082098418659705,
    "sse": 0.34513037955651815
}