{
    "rmse": 0.438120747085402,
    "mean": 0.379764601746312,
    "median": 0.35811269715767147,
    "std": 0.21846884511786976,
    "min": 0.039812066735361605,
    "max": 0.9827589991696907,
    "sse": 7.677991561066831
}