{
    "rmse": 0.3115799391940755,
    "mean": 0.28175277952262406,
    "median": 0.27347844163933205,
    "std": 0.13303168697516923,
    "min": 0.03493113566106874,
    "max": 0.588137066429932,
    "sse": 2.9124617552455137
}