{
    "rmse": 0.4710563157982419,
    "mean": 0.40845251462015875,
    "median": 0.36408209754595394,
    "std": 0.23464994343464488,
    "min": 0.024237593734527198,
    "max": 1.116279869581326,
    "sse": 9.763338316750172
}