{
    "rmse": 0.22064393911378705,
    "mean": 0.20099555867553315,
    "median": 0.20436434661982972,
    "std": 0.09101941144810194,
    "min": 0.041155539683304265,
    "max": 0.35647697208899015,
    "sse": 0.9736749573529714
}