{
    "rmse": 0.0009862777955000897,
    "mean": 0.0009518238907244864,
    "median": 0.0009054397447883895,
    "std": 0.0002584089219485607,
    "min": 0.000638168420688007,
    "max": 0.0013231732479824856,
    "sse": 7.781951119172132e-06
}