{
    "rmse": 0.0009917293799744475,
    "mean": 0.0009688630999676077,
    "median": 0.0009190249657822199,
    "std": 0.00021173440113892632,
    "min": 0.0007026118657432956,
    "max": 0.0013551437681694608,
    "sse": 9.83527163104502e-06
}