{
    "rmse": 0.0009844989363957137,
    "mean": 0.0009631464732909682,
    "median": 0.0009188432233745421,
    "std": 0.00020392897477176122,
    "min": 0.0007031482220570991,
    "max": 0.001348677463113043,
    "sse": 9.692381557642915e-06
}