{
    "rmse": 0.0009055611775384471,
    "mean": 0.0008552522933482542,
    "median": 0.0007848148805531739,
    "std": 0.0002976315860041915,
    "min": 0.0003517036325952523,
    "max": 0.0012902653824110539,
    "sse": 6.5603283701185515e-06
}