{
    "rmse": 0.22309017855361155,
    "mean": 0.20014498017875232,
    "median": 0.2011995402286028,
    "std": 0.09854549546442562,
    "min": 0.07128148563005984,
    "max": 0.369952955219533,
    "sse": 0.4976922776708228
}