{
    "rmse": 0.0009609549324969864,
    "mean": 0.0009299823971321568,
    "median": 0.0010429195321020805,
    "std": 0.00024200645304333336,
    "min": 0.0005322074849969125,
    "max": 0.0012257663509476515,
    "sse": 8.310909440612588e-06
}