{
    "rmse": 0.0020984512024986007,
    "mean": 0.0019886978497886993,
    "median": 0.0020062878406940667,
    "std": 0.0006697598909412434,
    "min": 0.0008742217849092205,
    "max": 0.003153245853593705,
    "sse": 0.00011008743623169557
}