{
    "rmse": 0.0008672887607454117,
    "mean": 0.0007894314243134023,
    "median": 0.0006881678483480586,
    "std": 0.00035914874470311704,
    "min": 0.00020929788575893004,
    "max": 0.0014579218007378673,
    "sse": 7.5218979451531186e-06
}