{
    "rmse": 0.0016281082403004194,
    "mean": 0.0015064169182312753,
    "median": 0.0014060334648631268,
    "std": 0.0006176119417568895,
    "min": 0.0005663693625298512,
    "max": 0.0030210504873584864,
    "sse": 5.301472884268256e-05
}