{
    "mean_psnr": 25.357959897330637,
    "mean_ssim": 0.7824157603671041,
    "mean_lpips": 0.5441546664479073
}