{
    "rmse": 0.000881706198132037,
    "mean": 0.0008393864184479923,
    "median": 0.0007983390326505994,
    "std": 0.0002698819377978136,
    "min": 0.00034611735778162443,
    "max": 0.001221556803580452,
    "sse": 6.2192465585956075e-06
}