{
    "mean_psnr": 23.61137766652293,
    "mean_ssim": 0.8256705093693424,
    "mean_lpips": 0.4263951110762435
}