{
    "rmse": 0.0010984459771265999,
    "mean": 0.0010290339595686857,
    "median": 0.0010222569504816576,
    "std": 0.00038428202497645326,
    "min": 0.0005818504456555113,
    "max": 0.0017699951527677688,
    "sse": 9.652668517324887e-06
}