{
    "rmse": 0.0009660649432812358,
    "mean": 0.000946736583221525,
    "median": 0.0009863084445788978,
    "std": 0.0001922792672833186,
    "min": 0.0006035936790889405,
    "max": 0.0011984541020418553,
    "sse": 8.399533271732796e-06
}