{
    "mean_psnr": 24.721614131221063,
    "mean_ssim": 0.7669344989080278,
    "mean_lpips": 0.6111959143290444
}