[Render] FlowRasterizer 导入成功 (flow_diff_gaussian_rasterization)
Current backend: agg
Warning, cannot find cuda-compiled version of RoPE2D, using a slow pytorch version instead
[EdgeExtraction] LocalSH 模块加载成功
S3PO-GS: saving results in 
results/stereo_seq_easy_stereo_seq_easy/2026-02-19-19-25-14
git root error: Cmd('git') failed due to: exit code(128)
  cmdline: git rev-parse --show-toplevel
  stderr: 'fatal: detected dubious ownership in repository at '/workspace'
To add an exception for this directory, call:

	git config --global --add safe.directory /workspace'
git root error: Cmd('git') failed due to: exit code(128)
  cmdline: git rev-parse --show-toplevel
  stderr: 'fatal: detected dubious ownership in repository at '/workspace'
To add an exception for this directory, call:

	git config --global --add safe.directory /workspace'
... loading model from checkpoints/MASt3R_ViTLarge_BaseDecoder_512_catmlpdpt_metric.pth
instantiating : AsymmetricMASt3R(enc_depth=24, dec_depth=12, enc_embed_dim=1024, dec_embed_dim=768, enc_num_heads=16, dec_num_heads=12, pos_embed='RoPE100',img_size=(512, 512), head_type='catmlp+dpt', output_mode='pts3d+desc24', depth_mode=('exp', -inf, inf), conf_mode=('exp', 1, inf), patch_embed_cls='PatchEmbedDust3R', two_confs=True, desc_conf_mode=('exp', 0, inf), landscape_only=False)
<All keys matched successfully>
Flow: 光流模型初始化成功
[STAR-Edge CUDA] N=196608 desc_ms=64.50 total_ms=73.91
Timing: [Frame 0] 初始化总计: 420.0ms | MASt3R深度: 419.5ms | 添加关键帧: 0.4ms
[Render] FlowRasterizer 导入成功 (flow_diff_gaussian_rasterization)
Current backend: agg
Warning, cannot find cuda-compiled version of RoPE2D, using a slow pytorch version instead
[EdgeExtraction] LocalSH 模块加载成功
Init: 重置系统 | 帧: 0
[初始化] 已保存初始化的PLY文件: results/stereo_seq_easy_stereo_seq_easy/2026-02-19-19-25-14/init_ply/initialized_point_cloud.ply (点数: 2400)
Render: 使用标准 GaussianRasterizer（5输出）
Render: Render: Rasterizer返回5个值（基础模式）
WARNING: 形变系数未被优化器处理，已重新初始化（当前点数: 2,535）
Init: 地图初始化完成 | 帧: 0 | 点数: 12,083
/usr/local/lib/python3.11/dist-packages/numpy/linalg/linalg.py:2582: RuntimeWarning: overflow encountered in multiply
  s = (x.conj() * x).real
Render: 使用标准 GaussianRasterizer（5输出）
Render: Render: Rasterizer返回5个值（基础模式）
Timing: [Frame 1] 总计: 833.4ms | 相机初始化: 40.0ms | Tracking: 787.2ms 
(get_pose: 555.0ms, get_depth: 0.0ms, 光流: 0.0ms, 位姿优化: 214.2ms/25itr) | 
KF处理: 0.1ms
Timing: [Frame 2] 总计: 752.2ms | 相机初始化: 18.0ms | Tracking: 725.7ms 
(get_pose: 533.3ms, get_depth: 0.0ms, 光流: 0.0ms, 位姿优化: 190.6ms/25itr) | 
KF处理: 0.2ms
Timing: [Frame 3] 总计: 785.0ms | 相机初始化: 21.8ms | Tracking: 758.8ms 
(get_pose: 538.9ms, get_depth: 0.0ms, 光流: 0.0ms, 位姿优化: 212.6ms/25itr) | 
KF处理: 0.1ms
Timing: [Frame 4] 总计: 762.8ms | 相机初始化: 17.4ms | Tracking: 734.1ms 
(get_pose: 544.7ms, get_depth: 0.0ms, 光流: 0.0ms, 位姿优化: 187.1ms/25itr) | 
KF处理: 0.1ms
/usr/local/lib/python3.11/dist-packages/torch/functional.py:504: UserWarning: torch.meshgrid: in an upcoming release, it will be required to pass the indexing argument. (Triggered internally at ../aten/src/ATen/native/TensorShape.cpp:3526.)
  return _VF.meshgrid(tensors, **kwargs)  # type: ignore[attr-defined]
[STAR-Edge CUDA] N=196608 desc_ms=51.98 total_ms=55.46
Fallback: not enough accurate pixels, apply scale remedy using the previous keyframe
Number of patches passed the first-stage filtering:  0
Flow: 回溯存储 optical flow: 帧0 -> 帧5
Timing: [Frame 5] [KF] 总计: 2457.4ms | 相机初始化: 27.2ms | Tracking: 697.7ms 
(get_pose: 524.1ms, get_depth: 267.8ms, 光流: 0.0ms, 位姿优化: 171.5ms/25itr) | 
KF处理: 1721.9ms (process_depth: 1367.6ms)
Keyframe: 关键帧: 5 | 窗口: [5, 0] | 点数: 12,083 | 动态点: 100.0%
Backend: [FlowRasterizer 配置] use_flow_rasterizer=True | available=True | 
fallback=True | flow_loss_weight=0.1 | warm_up=1000 | interval=20
Backend: [FlowRasterizer] 首次激活 | iter=1060 kf=0 | cfg=True available=True 
fallback=True | flow_max_pairs=1
Render: 使用 FlowRasterizer（光流模式，10输出）
Render: Render: Rasterizer返回10个值（完整模式）
Deform: 动态点: 78.9% (808/1,024) | 静态点: 21.1%
Flow: GS Flow: 完整模式 | 0 -> 5 | iter=1200
Flow: Flow loss: 0.002915 (clamped: 0.002915) | weight: 0.1 | iter=1200
BACKEND: [Deform Stats] coefs_norm=259.996674, coefs_max=2.804229, 
coefs_mean=0.180561
BACKEND: [Deform Stats] dynamic_ratio=0.7891 (808/1024)
Deform: 动态点: 53.1% (768/1,447) | 静态点: 46.9%
/usr/local/lib/python3.11/dist-packages/numpy/linalg/linalg.py:2583: RuntimeWarning: overflow encountered in reduce
  return sqrt(add.reduce(s, axis=axis, keepdims=keepdims))
Timing: [Frame 6] 总计: 1828.2ms | 相机初始化: 40.1ms | Tracking: 1782.8ms 
(get_pose: 642.4ms, get_depth: 0.0ms, 光流: 0.0ms, 位姿优化: 1131.8ms/25itr) | 
KF处理: 0.1ms
Timing: [Frame 7] 总计: 2017.1ms | 相机初始化: 32.9ms | Tracking: 1978.5ms 
(get_pose: 622.2ms, get_depth: 0.0ms, 光流: 0.0ms, 位姿优化: 1353.8ms/25itr) | 
KF处理: 0.1ms
Timing: [Frame 8] 总计: 1991.9ms | 相机初始化: 17.8ms | Tracking: 1967.3ms 
(get_pose: 631.3ms, get_depth: 0.0ms, 光流: 0.0ms, 位姿优化: 1333.1ms/25itr) | 
KF处理: 0.1ms
Timing: [Frame 9] 总计: 2012.5ms | 相机初始化: 17.9ms | Tracking: 1986.0ms 
(get_pose: 643.9ms, get_depth: 0.0ms, 光流: 0.0ms, 位姿优化: 1339.2ms/25itr) | 
KF处理: 0.1ms
[STAR-Edge CUDA] N=196608 desc_ms=55.40 total_ms=59.22
Number of patches passed the first-stage filtering:  606
Flow: 回溯存储 optical flow: 帧5 -> 帧10
Timing: [Frame 10] [KF] 总计: 2587.6ms | 相机初始化: 25.6ms | Tracking: 1863.6ms
(get_pose: 620.2ms, get_depth: 311.1ms, 光流: 0.0ms, 位姿优化: 1235.2ms/25itr) |
KF处理: 693.0ms (process_depth: 306.4ms)
Keyframe: 关键帧: 10 | 窗口: [10, 5, 0] | 点数: 1,447 | 动态点: 53.1%
Flow: GS Flow: 完整模式 | 5 -> 10 | iter=1400
Flow: Flow loss: 0.009168 (clamped: 0.009168) | weight: 0.1 | iter=1400
Deform: 动态点: 45.9% (920/2,003) | 静态点: 54.1%
BACKEND: [Deform Stats] coefs_norm=361.967285, coefs_max=2.989747, 
coefs_mean=0.178560
BACKEND: [Deform Stats] dynamic_ratio=0.4593 (920/2003)
Deform: 动态点: 36.5% (890/2,438) | 静态点: 63.5%
Flow: GS Flow: 完整模式 | 5 -> 10 | iter=1600
Flow: Flow loss: 0.001675 (clamped: 0.001675) | weight: 0.1 | iter=1600
BACKEND: [Deform Stats] coefs_norm=399.287506, coefs_max=2.945282, 
coefs_mean=0.178125
BACKEND: [Deform Stats] dynamic_ratio=0.3651 (890/2438)
Timing: [Frame 11] 总计: 1668.0ms | 相机初始化: 32.3ms | Tracking: 1629.7ms 
(get_pose: 727.0ms, get_depth: 0.0ms, 光流: 0.0ms, 位姿优化: 900.1ms/25itr) | 
KF处理: 0.1ms
Timing: [Frame 12] 总计: 920.0ms | 相机初始化: 19.1ms | Tracking: 895.2ms 
(get_pose: 629.3ms, get_depth: 0.0ms, 光流: 0.0ms, 位姿优化: 263.3ms/25itr) | 
KF处理: 0.1ms
Timing: [Frame 13] 总计: 1495.3ms | 相机初始化: 32.5ms | Tracking: 1456.8ms 
(get_pose: 1205.0ms, get_depth: 0.0ms, 光流: 0.0ms, 位姿优化: 249.0ms/25itr) | 
KF处理: 0.1ms
Timing: [Frame 14] 总计: 1338.7ms | 相机初始化: 18.7ms | Tracking: 1312.1ms 
(get_pose: 619.0ms, get_depth: 0.0ms, 光流: 0.0ms, 位姿优化: 680.5ms/25itr) | 
KF处理: 0.1ms
Timing: [Frame 15] 总计: 1528.3ms | 相机初始化: 19.0ms | Tracking: 1503.4ms 
(get_pose: 619.3ms, get_depth: 0.0ms, 光流: 0.0ms, 位姿优化: 881.6ms/25itr) | 
KF处理: 0.2ms
Timing: [Frame 16] 总计: 944.6ms | 相机初始化: 23.7ms | Tracking: 913.1ms 
(get_pose: 621.8ms, get_depth: 0.0ms, 光流: 0.0ms, 位姿优化: 288.5ms/25itr) | 
KF处理: 0.2ms
Deform: 动态点: 29.9% (885/2,955) | 静态点: 70.1%
Timing: [Frame 17] 总计: 1538.2ms | 相机初始化: 22.1ms | Tracking: 1509.8ms 
(get_pose: 1200.2ms, get_depth: 0.0ms, 光流: 0.0ms, 位姿优化: 306.7ms/25itr) | 
KF处理: 0.2ms
Timing: [Frame 18] 总计: 1186.4ms | 相机初始化: 30.9ms | Tracking: 1146.1ms 
(get_pose: 735.0ms, get_depth: 0.0ms, 光流: 0.0ms, 位姿优化: 402.3ms/25itr) | 
KF处理: 0.2ms
Timing: [Frame 19] 总计: 1411.4ms | 相机初始化: 23.2ms | Tracking: 1381.1ms 
(get_pose: 626.8ms, get_depth: 0.0ms, 光流: 0.0ms, 位姿优化: 751.7ms/25itr) | 
KF处理: 0.1ms
Timing: [Frame 20] 总计: 963.8ms | 相机初始化: 18.8ms | Tracking: 921.7ms 
(get_pose: 647.4ms, get_depth: 0.0ms, 光流: 0.0ms, 位姿优化: 271.7ms/25itr) | 
KF处理: 18.6ms
Timing: [Frame 21] 总计: 1325.6ms | 相机初始化: 28.5ms | Tracking: 1291.5ms 
(get_pose: 987.7ms, get_depth: 0.0ms, 光流: 0.0ms, 位姿优化: 284.5ms/25itr) | 
KF处理: 0.1ms
Flow: GS Flow: 完整模式 | 5 -> 10 | iter=1800
Flow: Flow loss: 0.003069 (clamped: 0.003069) | weight: 0.1 | iter=1800
[STAR-Edge CUDA] N=196608 desc_ms=54.67 total_ms=58.25
Number of patches passed the first-stage filtering:  993
Flow: 回溯存储 optical flow: 帧10 -> 帧22
Timing: [Frame 22] [KF] 总计: 2286.5ms | 相机初始化: 41.6ms | Tracking: 1166.1ms
(get_pose: 877.5ms, get_depth: 321.4ms, 光流: 0.0ms, 位姿优化: 285.0ms/25itr) | 
KF处理: 1067.5ms (process_depth: 669.9ms)
Keyframe: 关键帧: 22 | 窗口: [22, 10, 5, 0] | 点数: 2,955 | 动态点: 29.9%
Flow: GS Flow: 完整模式 | 10 -> 22 | iter=2000
Flow: Flow loss: 0.005827 (clamped: 0.005827) | weight: 0.1 | iter=2000
BACKEND: [Deform Stats] coefs_norm=535.358643, coefs_max=2.834835, 
coefs_mean=0.176281
BACKEND: [Deform Stats] dynamic_ratio=0.2017 (889/4407)
Densify: 重置不可见高斯点不透明度 | 当前点数: 4,407
Timing: [Frame 23] 总计: 938.4ms | 相机初始化: 35.3ms | Tracking: 897.0ms 
(get_pose: 623.0ms, get_depth: 0.0ms, 光流: 0.0ms, 位姿优化: 271.4ms/25itr) | 
KF处理: 0.3ms
Timing: [Frame 24] 总计: 1188.0ms | 相机初始化: 18.7ms | Tracking: 1165.3ms 
(get_pose: 884.9ms, get_depth: 0.0ms, 光流: 0.0ms, 位姿优化: 277.7ms/25itr) | 
KF处理: 0.1ms
IO: 已保存点云 | 迭代: 1000 | 路径: 
results/stereo_seq_easy_stereo_seq_easy/2026-02-19-19-25-14/point_clouds/iterati
on_1000.ply
Timing: [Frame 25] 总计: 1138.0ms | 相机初始化: 30.8ms | Tracking: 1101.5ms 
(get_pose: 656.9ms, get_depth: 0.0ms, 光流: 0.0ms, 位姿优化: 437.4ms/25itr) | 
KF处理: 0.1ms
Timing: [Frame 26] 总计: 947.1ms | 相机初始化: 18.2ms | Tracking: 920.2ms 
(get_pose: 628.2ms, get_depth: 0.0ms, 光流: 0.0ms, 位姿优化: 289.1ms/25itr) | 
KF处理: 0.1ms
Timing: [Frame 27] 总计: 1166.8ms | 相机初始化: 24.1ms | Tracking: 1136.3ms 
(get_pose: 845.3ms, get_depth: 0.0ms, 光流: 0.0ms, 位姿优化: 288.2ms/25itr) | 
KF处理: 0.2ms
Timing: [Frame 28] 总计: 1079.6ms | 相机初始化: 24.2ms | Tracking: 1049.5ms 
(get_pose: 653.8ms, get_depth: 0.0ms, 光流: 0.0ms, 位姿优化: 386.8ms/25itr) | 
KF处理: 0.2ms
Timing: [Frame 29] 总计: 988.2ms | 相机初始化: 18.7ms | Tracking: 955.7ms 
(get_pose: 651.6ms, get_depth: 0.0ms, 光流: 0.0ms, 位姿优化: 300.6ms/25itr) | 
KF处理: 0.2ms
Timing: [Frame 30] 总计: 1189.2ms | 相机初始化: 37.5ms | Tracking: 1130.6ms 
(get_pose: 820.4ms, get_depth: 0.0ms, 光流: 0.0ms, 位姿优化: 290.0ms/25itr) | 
KF处理: 11.5ms
Timing: [Frame 31] 总计: 1006.3ms | 相机初始化: 24.6ms | Tracking: 967.1ms 
(get_pose: 648.3ms, get_depth: 0.0ms, 光流: 0.0ms, 位姿优化: 309.6ms/25itr) | 
KF处理: 0.2ms
[STAR-Edge CUDA] N=196608 desc_ms=55.17 total_ms=58.79
Number of patches passed the first-stage filtering:  1239
Flow: 回溯存储 optical flow: 帧22 -> 帧32
Timing: [Frame 32] [KF] 总计: 2314.6ms | 相机初始化: 23.4ms | Tracking: 957.7ms 
(get_pose: 665.4ms, get_depth: 562.5ms, 光流: 0.0ms, 位姿优化: 289.6ms/25itr) | 
KF处理: 1316.9ms (process_depth: 707.8ms)
Keyframe: 关键帧: 32 | 窗口: [32, 22, 10, 5, 0] | 点数: 2,982 | 动态点: 6.2%
Flow: GS Flow: 完整模式 | 22 -> 32 | iter=2200
Flow: Flow loss: 0.012340 (clamped: 0.012340) | weight: 0.1 | iter=2200
BACKEND: [Deform Stats] coefs_norm=523.577454, coefs_max=2.800425, 
coefs_mean=0.181293
BACKEND: [Deform Stats] dynamic_ratio=0.3314 (1386/4182)
Flow: GS Flow: 完整模式 | 22 -> 32 | iter=2400
Flow: Flow loss: 0.002439 (clamped: 0.002439) | weight: 0.1 | iter=2400
BACKEND: [Deform Stats] coefs_norm=469.400146, coefs_max=2.800938, 
coefs_mean=0.174408
BACKEND: [Deform Stats] dynamic_ratio=0.0567 (193/3405)
Timing: [Frame 33] 总计: 1166.3ms | 相机初始化: 47.5ms | Tracking: 1106.7ms 
(get_pose: 801.2ms, get_depth: 0.0ms, 光流: 0.0ms, 位姿优化: 285.9ms/25itr) | 
KF处理: 0.1ms
Timing: [Frame 34] 总计: 1157.7ms | 相机初始化: 25.3ms | Tracking: 1126.6ms 
(get_pose: 626.0ms, get_depth: 0.0ms, 光流: 0.0ms, 位姿优化: 492.0ms/25itr) | 
KF处理: 0.1ms
Timing: [Frame 35] 总计: 958.8ms | 相机初始化: 18.1ms | Tracking: 930.4ms 
(get_pose: 653.7ms, get_depth: 0.0ms, 光流: 0.0ms, 位姿优化: 273.6ms/25itr) | 
KF处理: 0.1ms
Timing: [Frame 36] 总计: 1230.3ms | 相机初始化: 20.9ms | Tracking: 1199.5ms 
(get_pose: 882.9ms, get_depth: 0.0ms, 光流: 0.0ms, 位姿优化: 313.7ms/25itr) | 
KF处理: 0.2ms
Timing: [Frame 37] 总计: 1125.3ms | 相机初始化: 22.5ms | Tracking: 1094.0ms 
(get_pose: 630.8ms, get_depth: 0.0ms, 光流: 0.0ms, 位姿优化: 457.7ms/25itr) | 
KF处理: 0.2ms
Timing: [Frame 38] 总计: 947.4ms | 相机初始化: 18.5ms | Tracking: 922.2ms 
(get_pose: 628.7ms, get_depth: 0.0ms, 光流: 0.0ms, 位姿优化: 290.6ms/25itr) | 
KF处理: 0.1ms
Timing: [Frame 39] 总计: 1172.3ms | 相机初始化: 34.0ms | Tracking: 1125.6ms 
(get_pose: 852.4ms, get_depth: 0.0ms, 光流: 0.0ms, 位姿优化: 269.6ms/25itr) | 
KF处理: 0.3ms
Timing: [Frame 40] 总计: 1191.2ms | 相机初始化: 18.1ms | Tracking: 1153.6ms 
(get_pose: 648.8ms, get_depth: 0.0ms, 光流: 0.0ms, 位姿优化: 501.7ms/25itr) | 
KF处理: 13.0ms
Timing: [Frame 41] 总计: 963.6ms | 相机初始化: 29.9ms | Tracking: 927.8ms 
(get_pose: 632.3ms, get_depth: 0.0ms, 光流: 0.0ms, 位姿优化: 292.9ms/25itr) | 
KF处理: 0.2ms
Timing: [Frame 42] 总计: 954.3ms | 相机初始化: 18.0ms | Tracking: 930.0ms 
(get_pose: 635.1ms, get_depth: 0.0ms, 光流: 0.0ms, 位姿优化: 288.4ms/25itr) | 
KF处理: 0.2ms
Timing: [Frame 43] 总计: 934.2ms | 相机初始化: 17.6ms | Tracking: 906.6ms 
(get_pose: 613.9ms, get_depth: 0.0ms, 光流: 0.0ms, 位姿优化: 289.8ms/25itr) | 
KF处理: 0.3ms
Timing: [Frame 44] 总计: 1200.7ms | 相机初始化: 20.9ms | Tracking: 1171.0ms 
(get_pose: 881.4ms, get_depth: 0.0ms, 光流: 0.0ms, 位姿优化: 286.5ms/25itr) | 
KF处理: 0.1ms
Timing: [Frame 45] 总计: 1160.9ms | 相机初始化: 34.5ms | Tracking: 1120.6ms 
(get_pose: 646.6ms, get_depth: 0.0ms, 光流: 0.0ms, 位姿优化: 470.8ms/25itr) | 
KF处理: 0.1ms
[STAR-Edge CUDA] N=196608 desc_ms=53.61 total_ms=57.28
Number of patches passed the first-stage filtering:  1003
Flow: 回溯存储 optical flow: 帧32 -> 帧46
Timing: [Frame 46] [KF] 总计: 2033.7ms | 相机初始化: 17.6ms | Tracking: 958.3ms 
(get_pose: 663.7ms, get_depth: 317.4ms, 光流: 0.0ms, 位姿优化: 291.7ms/25itr) | 
KF处理: 1045.6ms (process_depth: 683.2ms)
Keyframe: 关键帧: 46 | 窗口: [46, 32, 22, 10, 5, 0] | 点数: 3,897 | 动态点: 4.8%
Flow: GS Flow: 完整模式 | 32 -> 46 | iter=2600
Flow: Flow loss: 0.010082 (clamped: 0.010082) | weight: 0.1 | iter=2600
BACKEND: [Deform Stats] coefs_norm=548.044373, coefs_max=2.812303, 
coefs_mean=0.173977
BACKEND: [Deform Stats] dynamic_ratio=0.0501 (233/4649)
Flow: GS Flow: 完整模式 | 32 -> 46 | iter=2800
Flow: Flow loss: 0.026304 (clamped: 0.026304) | weight: 0.1 | iter=2800
BACKEND: [Deform Stats] coefs_norm=562.323486, coefs_max=2.803254, 
coefs_mean=0.173983
BACKEND: [Deform Stats] dynamic_ratio=0.0448 (219/4893)
Timing: [Frame 47] 总计: 1072.7ms | 相机初始化: 35.8ms | Tracking: 1031.3ms 
(get_pose: 624.5ms, get_depth: 0.0ms, 光流: 0.0ms, 位姿优化: 403.8ms/25itr) | 
KF处理: 0.1ms
Timing: [Frame 48] 总计: 1010.3ms | 相机初始化: 18.7ms | Tracking: 980.0ms 
(get_pose: 665.3ms, get_depth: 0.0ms, 光流: 0.0ms, 位姿优化: 311.6ms/25itr) | 
KF处理: 0.2ms
Timing: [Frame 49] 总计: 1024.8ms | 相机初始化: 23.9ms | Tracking: 995.3ms 
(get_pose: 687.7ms, get_depth: 0.0ms, 光流: 0.0ms, 位姿优化: 299.2ms/25itr) | 
KF处理: 0.1ms
Timing: [Frame 50] 总计: 979.0ms | 相机初始化: 19.0ms | Tracking: 943.7ms 
(get_pose: 672.9ms, get_depth: 0.0ms, 光流: 0.0ms, 位姿优化: 268.1ms/25itr) | 
KF处理: 10.5ms
[STAR-Edge CUDA] N=196608 desc_ms=59.48 total_ms=63.44
Number of patches passed the first-stage filtering:  715
Flow: 回溯存储 optical flow: 帧46 -> 帧51
Timing: [Frame 51] [KF] 总计: 2032.8ms | 相机初始化: 24.7ms | Tracking: 1010.7ms
(get_pose: 714.7ms, get_depth: 318.2ms, 光流: 0.0ms, 位姿优化: 293.4ms/25itr) | 
KF处理: 991.6ms (process_depth: 627.6ms)
Keyframe: 关键帧: 51 | 窗口: [51, 46, 32, 22, 10, 5, 0] | 点数: 4,893 | 动态点: 
4.5%
Flow: GS Flow: 完整模式 | 46 -> 51 | iter=3000
Flow: Flow loss: 0.013756 (clamped: 0.013756) | weight: 0.1 | iter=3000
BACKEND: [Deform Stats] coefs_norm=591.820618, coefs_max=2.815603, 
coefs_mean=0.173899
BACKEND: [Deform Stats] dynamic_ratio=0.0474 (257/5421)
IO: 已保存点云 | 迭代: 2000 | 路径: 
results/stereo_seq_easy_stereo_seq_easy/2026-02-19-19-25-14/point_clouds/iterati
on_2000.ply
Timing: [Frame 52] 总计: 946.8ms | 相机初始化: 31.7ms | Tracking: 903.0ms 
(get_pose: 619.2ms, get_depth: 0.0ms, 光流: 0.0ms, 位姿优化: 279.8ms/25itr) | 
KF处理: 0.3ms
Timing: [Frame 53] 总计: 1104.6ms | 相机初始化: 23.9ms | Tracking: 1074.4ms 
(get_pose: 685.7ms, get_depth: 0.0ms, 光流: 0.0ms, 位姿优化: 386.1ms/25itr) | 
KF处理: 0.4ms
Timing: [Frame 54] 总计: 1008.5ms | 相机初始化: 16.9ms | Tracking: 984.1ms 
(get_pose: 686.1ms, get_depth: 0.0ms, 光流: 0.0ms, 位姿优化: 294.8ms/25itr) | 
KF处理: 0.1ms
Timing: [Frame 55] 总计: 1055.7ms | 相机初始化: 18.8ms | Tracking: 1031.0ms 
(get_pose: 714.3ms, get_depth: 0.0ms, 光流: 0.0ms, 位姿优化: 309.4ms/25itr) | 
KF处理: 0.1ms
[STAR-Edge CUDA] N=196608 desc_ms=56.50 total_ms=60.31
Number of patches passed the first-stage filtering:  421
Flow: 回溯存储 optical flow: 帧51 -> 帧56
Timing: [Frame 56] [KF] 总计: 2270.5ms | 相机初始化: 17.6ms | Tracking: 1010.7ms
(get_pose: 713.6ms, get_depth: 322.1ms, 光流: 0.0ms, 位姿优化: 294.3ms/25itr) | 
KF处理: 1234.9ms (process_depth: 864.6ms)
Keyframe: 关键帧: 56 | 窗口: [56, 51, 46, 32, 22, 10, 5, 0] | 点数: 5,725 | 
动态点: 4.5%
BA: 执行初始BA优化 | 点数: 6,925 | 迭代: 300
Flow: GS Flow: 完整模式 | 51 -> 56 | iter=3200
Flow: Flow loss: 0.032300 (clamped: 0.032300) | weight: 0.1 | iter=3200
BACKEND: [Deform Stats] coefs_norm=642.182251, coefs_max=2.883225, 
coefs_mean=0.173816
BACKEND: [Deform Stats] dynamic_ratio=0.0496 (317/6385)
Flow: GS Flow: 完整模式 | 51 -> 56 | iter=3400
Flow: Flow loss: 0.029261 (clamped: 0.029261) | weight: 0.1 | iter=3400
BACKEND: [Deform Stats] coefs_norm=639.168579, coefs_max=2.888841, 
coefs_mean=0.173830
BACKEND: [Deform Stats] dynamic_ratio=0.0495 (313/6324)
Init: SLAM系统初始化完成 | 总点数: 1,160
Timing: [Frame 57] 总计: 1686.6ms | 相机初始化: 43.0ms | Tracking: 1636.3ms 
(get_pose: 631.0ms, get_depth: 0.0ms, 光流: 0.0ms, 位姿优化: 1001.4ms/25itr) | 
KF处理: 0.1ms
Timing: [Frame 58] 总计: 998.8ms | 相机初始化: 17.6ms | Tracking: 969.8ms 
(get_pose: 667.9ms, get_depth: 0.0ms, 光流: 0.0ms, 位姿优化: 298.7ms/25itr) | 
KF处理: 0.1ms
[STAR-Edge CUDA] N=196608 desc_ms=54.43 total_ms=58.24
Fallback: not enough accurate pixels, apply scale remedy using the previous keyframe
Number of patches passed the first-stage filtering:  345
Flow: 回溯存储 optical flow: 帧56 -> 帧59
Timing: [Frame 59] [KF] 总计: 4020.9ms | 相机初始化: 22.9ms | Tracking: 1103.9ms
(get_pose: 668.5ms, get_depth: 608.1ms, 光流: 0.0ms, 位姿优化: 428.1ms/25itr) | 
KF处理: 2855.2ms (process_depth: 2145.1ms)
Keyframe: 关键帧: 59 | 窗口: [59, 56, 51, 46, 32, 22, 10, 0] | 点数: 1,853 | 
动态点: 0.2%
Timing: [Frame 65] 总计: 1462.2ms | 相机初始化: 44.0ms | Tracking: 1406.2ms 
(get_pose: 1099.0ms, get_depth: 0.0ms, 光流: 0.0ms, 位姿优化: 287.3ms/25itr) | 
KF处理: 0.1ms
Timing: [Frame 66] 总计: 966.7ms | 相机初始化: 25.4ms | Tracking: 935.7ms 
(get_pose: 657.4ms, get_depth: 0.0ms, 光流: 0.0ms, 位姿优化: 275.4ms/25itr) | 
KF处理: 0.1ms
Timing: [Frame 67] 总计: 1323.4ms | 相机初始化: 36.2ms | Tracking: 1281.3ms 
(get_pose: 657.5ms, get_depth: 0.0ms, 光流: 0.0ms, 位姿优化: 615.6ms/25itr) | 
KF处理: 0.1ms
Timing: [Frame 68] 总计: 986.3ms | 相机初始化: 17.7ms | Tracking: 962.2ms 
(get_pose: 665.0ms, get_depth: 0.0ms, 光流: 0.0ms, 位姿优化: 294.5ms/25itr) | 
KF处理: 0.1ms
Flow: GS Flow: 完整模式 | 56 -> 59 | iter=3600
Flow: Flow loss: 0.015764 (clamped: 0.015764) | weight: 0.1 | iter=3600
BACKEND: [Deform Stats] coefs_norm=345.312225, coefs_max=2.391884, 
coefs_mean=0.172753
BACKEND: [Deform Stats] dynamic_ratio=0.0016 (3/1853)
[STAR-Edge CUDA] N=196608 desc_ms=86.88 total_ms=91.03
Number of patches passed the first-stage filtering:  622
Flow: 回溯存储 optical flow: 帧59 -> 帧69
Timing: [Frame 69] [KF] 总计: 2463.4ms | 相机初始化: 18.4ms | Tracking: 973.6ms 
(get_pose: 670.4ms, get_depth: 693.6ms, 光流: 0.0ms, 位姿优化: 300.8ms/25itr) | 
KF处理: 1465.2ms (process_depth: 616.3ms)
S3PO-GS: Evaluating ATE at frame:  70
Eval: RMSE ATE [m] 0.0010603480570528603
Keyframe: 关键帧: 69 | 窗口: [69, 59, 56, 51, 46, 32, 22, 0] | 点数: 1,853 | 
动态点: 0.2%
Timing: [Frame 74] 总计: 939.2ms | 相机初始化: 18.5ms | Tracking: 913.0ms 
(get_pose: 633.8ms, get_depth: 0.0ms, 光流: 0.0ms, 位姿优化: 276.2ms/25itr) | 
KF处理: 0.1ms
Timing: [Frame 75] 总计: 1323.4ms | 相机初始化: 19.3ms | Tracking: 1262.8ms 
(get_pose: 663.8ms, get_depth: 0.0ms, 光流: 0.0ms, 位姿优化: 592.5ms/25itr) | 
KF处理: 0.1ms
Timing: [Frame 76] 总计: 1157.4ms | 相机初始化: 29.5ms | Tracking: 1119.3ms 
(get_pose: 786.2ms, get_depth: 0.0ms, 光流: 0.0ms, 位姿优化: 313.4ms/25itr) | 
KF处理: 0.1ms
Timing: [Frame 77] 总计: 958.0ms | 相机初始化: 22.5ms | Tracking: 924.1ms 
(get_pose: 633.4ms, get_depth: 0.0ms, 光流: 0.0ms, 位姿优化: 287.0ms/25itr) | 
KF处理: 0.1ms
Timing: [Frame 78] 总计: 1306.6ms | 相机初始化: 24.8ms | Tracking: 1268.9ms 
(get_pose: 640.9ms, get_depth: 0.0ms, 光流: 0.0ms, 位姿优化: 619.0ms/25itr) | 
KF处理: 0.2ms
Timing: [Frame 79] 总计: 976.4ms | 相机初始化: 33.1ms | Tracking: 931.2ms 
(get_pose: 634.8ms, get_depth: 0.0ms, 光流: 0.0ms, 位姿优化: 293.0ms/25itr) | 
KF处理: 0.1ms
Timing: [Frame 80] 总计: 1003.1ms | 相机初始化: 26.5ms | Tracking: 952.0ms 
(get_pose: 649.0ms, get_depth: 0.0ms, 光流: 0.0ms, 位姿优化: 300.0ms/25itr) | 
KF处理: 13.2ms
Timing: [Frame 81] 总计: 1489.0ms | 相机初始化: 28.7ms | Tracking: 1452.1ms 
(get_pose: 1143.8ms, get_depth: 0.0ms, 光流: 0.0ms, 位姿优化: 304.7ms/25itr) | 
KF处理: 0.1ms
Timing: [Frame 82] 总计: 1007.8ms | 相机初始化: 26.6ms | Tracking: 973.1ms 
(get_pose: 643.1ms, get_depth: 0.0ms, 光流: 0.0ms, 位姿优化: 326.6ms/25itr) | 
KF处理: 0.1ms
Timing: [Frame 83] 总计: 1383.9ms | 相机初始化: 21.2ms | Tracking: 1356.7ms 
(get_pose: 627.2ms, get_depth: 0.0ms, 光流: 0.0ms, 位姿优化: 721.3ms/25itr) | 
KF处理: 0.1ms
Timing: [Frame 84] 总计: 931.1ms | 相机初始化: 19.0ms | Tracking: 906.4ms 
(get_pose: 636.4ms, get_depth: 0.0ms, 光流: 0.0ms, 位姿优化: 267.4ms/25itr) | 
KF处理: 0.1ms
Timing: [Frame 85] 总计: 967.4ms | 相机初始化: 18.4ms | Tracking: 941.5ms 
(get_pose: 643.2ms, get_depth: 0.0ms, 光流: 0.0ms, 位姿优化: 295.5ms/25itr) | 
KF处理: 0.1ms
Timing: [Frame 86] 总计: 1114.5ms | 相机初始化: 21.1ms | Tracking: 1087.7ms 
(get_pose: 658.5ms, get_depth: 0.0ms, 光流: 0.0ms, 位姿优化: 421.7ms/25itr) | 
KF处理: 0.1ms
Timing: [Frame 87] 总计: 941.7ms | 相机初始化: 17.8ms | Tracking: 917.9ms 
(get_pose: 622.2ms, get_depth: 0.0ms, 光流: 0.0ms, 位姿优化: 292.8ms/25itr) | 
KF处理: 0.1ms
Timing: [Frame 88] 总计: 936.6ms | 相机初始化: 18.7ms | Tracking: 911.8ms 
(get_pose: 642.5ms, get_depth: 0.0ms, 光流: 0.0ms, 位姿优化: 266.8ms/25itr) | 
KF处理: 0.1ms
Timing: [Frame 89] 总计: 1118.0ms | 相机初始化: 18.7ms | Tracking: 1092.4ms 
(get_pose: 646.4ms, get_depth: 0.0ms, 光流: 0.0ms, 位姿优化: 438.1ms/25itr) | 
KF处理: 0.1ms
Timing: [Frame 90] 总计: 981.8ms | 相机初始化: 23.8ms | Tracking: 937.0ms 
(get_pose: 646.3ms, get_depth: 0.0ms, 光流: 0.0ms, 位姿优化: 287.3ms/25itr) | 
KF处理: 13.0ms
Timing: [Frame 91] 总计: 919.2ms | 相机初始化: 18.3ms | Tracking: 895.3ms 
(get_pose: 626.0ms, get_depth: 0.0ms, 光流: 0.0ms, 位姿优化: 266.3ms/25itr) | 
KF处理: 0.1ms
Timing: [Frame 92] 总计: 1123.7ms | 相机初始化: 18.5ms | Tracking: 1097.9ms 
(get_pose: 632.5ms, get_depth: 0.0ms, 光流: 0.0ms, 位姿优化: 458.2ms/25itr) | 
KF处理: 0.1ms
Timing: [Frame 93] 总计: 950.7ms | 相机初始化: 18.9ms | Tracking: 924.2ms 
(get_pose: 631.9ms, get_depth: 0.0ms, 光流: 0.0ms, 位姿优化: 289.6ms/25itr) | 
KF处理: 0.1ms
Timing: [Frame 94] 总计: 946.6ms | 相机初始化: 18.8ms | Tracking: 920.9ms 
(get_pose: 643.8ms, get_depth: 0.0ms, 光流: 0.0ms, 位姿优化: 274.1ms/25itr) | 
KF处理: 0.1ms
Flow: GS Flow: 完整模式 | 59 -> 69 | iter=3800
Flow: Flow loss: 0.005996 (clamped: 0.005996) | weight: 0.1 | iter=3800
BACKEND: [Deform Stats] coefs_norm=424.723907, coefs_max=2.395631, 
coefs_mean=0.172701
BACKEND: [Deform Stats] dynamic_ratio=0.0007 (2/2804)
Timing: [Frame 95] 总计: 1074.7ms | 相机初始化: 18.4ms | Tracking: 1050.7ms 
(get_pose: 666.9ms, get_depth: 0.0ms, 光流: 0.0ms, 位姿优化: 376.0ms/25itr) | 
KF处理: 0.1ms
Timing: [Frame 96] 总计: 946.3ms | 相机初始化: 18.5ms | Tracking: 918.8ms 
(get_pose: 619.2ms, get_depth: 0.0ms, 光流: 0.0ms, 位姿优化: 295.6ms/25itr) | 
KF处理: 0.1ms
Timing: [Frame 97] 总计: 980.8ms | 相机初始化: 19.6ms | Tracking: 954.9ms 
(get_pose: 647.0ms, get_depth: 0.0ms, 光流: 0.0ms, 位姿优化: 305.4ms/25itr) | 
KF处理: 0.1ms
Timing: [Frame 98] 总计: 1242.1ms | 相机初始化: 18.7ms | Tracking: 1214.6ms 
(get_pose: 905.2ms, get_depth: 0.0ms, 光流: 0.0ms, 位姿优化: 306.8ms/25itr) | 
KF处理: 0.1ms
Timing: [Frame 99] 总计: 997.0ms | 相机初始化: 23.2ms | Tracking: 965.2ms 
(get_pose: 642.1ms, get_depth: 0.0ms, 光流: 0.0ms, 位姿优化: 320.0ms/25itr) | 
KF处理: 0.1ms
Timing: [Frame 100] 总计: 1272.3ms | 相机初始化: 25.7ms | Tracking: 1226.4ms 
(get_pose: 652.3ms, get_depth: 0.0ms, 光流: 0.0ms, 位姿优化: 566.4ms/25itr) | 
KF处理: 14.1ms
Timing: [Frame 101] 总计: 999.5ms | 相机初始化: 18.6ms | Tracking: 974.9ms 
(get_pose: 675.4ms, get_depth: 0.0ms, 光流: 0.0ms, 位姿优化: 296.9ms/25itr) | 
KF处理: 0.1ms
Timing: [Frame 102] 总计: 1020.3ms | 相机初始化: 18.3ms | Tracking: 993.7ms 
(get_pose: 681.2ms, get_depth: 0.0ms, 光流: 0.0ms, 位姿优化: 309.2ms/25itr) | 
KF处理: 0.1ms
Timing: [Frame 103] 总计: 1256.6ms | 相机初始化: 26.8ms | Tracking: 1223.7ms 
(get_pose: 937.5ms, get_depth: 0.0ms, 光流: 0.0ms, 位姿优化: 283.1ms/25itr) | 
KF处理: 0.1ms
Timing: [Frame 104] 总计: 1017.5ms | 相机初始化: 18.4ms | Tracking: 989.8ms 
(get_pose: 668.8ms, get_depth: 0.0ms, 光流: 0.0ms, 位姿优化: 318.3ms/25itr) | 
KF处理: 0.1ms
Timing: [Frame 105] 总计: 1098.9ms | 相机初始化: 18.4ms | Tracking: 1074.6ms 
(get_pose: 707.7ms, get_depth: 0.0ms, 光流: 0.0ms, 位姿优化: 358.5ms/25itr) | 
KF处理: 0.1ms
Timing: [Frame 106] 总计: 1048.2ms | 相机初始化: 36.1ms | Tracking: 1001.1ms 
(get_pose: 701.0ms, get_depth: 0.0ms, 光流: 0.0ms, 位姿优化: 297.3ms/25itr) | 
KF处理: 0.2ms
Timing: [Frame 107] 总计: 963.6ms | 相机初始化: 21.8ms | Tracking: 936.0ms 
(get_pose: 677.2ms, get_depth: 0.0ms, 光流: 0.0ms, 位姿优化: 255.9ms/25itr) | 
KF处理: 0.1ms
Timing: [Frame 108] 总计: 1268.2ms | 相机初始化: 18.0ms | Tracking: 1242.5ms 
(get_pose: 971.5ms, get_depth: 0.0ms, 光流: 0.0ms, 位姿优化: 267.6ms/25itr) | 
KF处理: 0.1ms
Timing: [Frame 109] 总计: 1019.2ms | 相机初始化: 19.1ms | Tracking: 994.3ms 
(get_pose: 682.7ms, get_depth: 0.0ms, 光流: 0.0ms, 位姿优化: 308.1ms/25itr) | 
KF处理: 0.1ms
Timing: [Frame 110] 总计: 1223.1ms | 相机初始化: 17.5ms | Tracking: 1187.5ms 
(get_pose: 665.5ms, get_depth: 0.0ms, 光流: 0.0ms, 位姿优化: 519.5ms/25itr) | 
KF处理: 12.6ms
Timing: [Frame 111] 总计: 987.9ms | 相机初始化: 19.6ms | Tracking: 955.1ms 
(get_pose: 683.0ms, get_depth: 0.0ms, 光流: 0.0ms, 位姿优化: 269.1ms/25itr) | 
KF处理: 0.2ms
Timing: [Frame 112] 总计: 1011.4ms | 相机初始化: 29.0ms | Tracking: 974.0ms 
(get_pose: 670.0ms, get_depth: 0.0ms, 光流: 0.0ms, 位姿优化: 300.4ms/25itr) | 
KF处理: 0.1ms
Timing: [Frame 113] 总计: 1074.8ms | 相机初始化: 20.5ms | Tracking: 1046.4ms 
(get_pose: 680.7ms, get_depth: 0.0ms, 光流: 0.0ms, 位姿优化: 358.1ms/25itr) | 
KF处理: 0.1ms
Timing: [Frame 114] 总计: 1003.6ms | 相机初始化: 19.9ms | Tracking: 978.0ms 
(get_pose: 693.9ms, get_depth: 0.0ms, 光流: 0.0ms, 位姿优化: 281.5ms/25itr) | 
KF处理: 0.1ms
Timing: [Frame 115] 总计: 952.3ms | 相机初始化: 35.6ms | Tracking: 910.8ms 
(get_pose: 627.2ms, get_depth: 0.0ms, 光流: 0.0ms, 位姿优化: 280.7ms/25itr) | 
KF处理: 0.1ms
Timing: [Frame 116] 总计: 1128.8ms | 相机初始化: 17.8ms | Tracking: 1104.2ms 
(get_pose: 830.1ms, get_depth: 0.0ms, 光流: 0.0ms, 位姿优化: 271.4ms/25itr) | 
KF处理: 0.1ms
Timing: [Frame 117] 总计: 966.7ms | 相机初始化: 29.4ms | Tracking: 927.9ms 
(get_pose: 652.4ms, get_depth: 0.0ms, 光流: 0.0ms, 位姿优化: 272.6ms/25itr) | 
KF处理: 0.1ms
Timing: [Frame 118] 总计: 1262.8ms | 相机初始化: 21.6ms | Tracking: 1201.9ms 
(get_pose: 670.7ms, get_depth: 0.0ms, 光流: 0.0ms, 位姿优化: 524.2ms/25itr) | 
KF处理: 0.1ms
Timing: [Frame 119] 总计: 1017.4ms | 相机初始化: 18.4ms | Tracking: 993.0ms 
(get_pose: 694.2ms, get_depth: 0.0ms, 光流: 0.0ms, 位姿优化: 297.0ms/25itr) | 
KF处理: 0.1ms
Timing: [Frame 120] 总计: 1011.5ms | 相机初始化: 25.5ms | Tracking: 964.2ms 
(get_pose: 670.6ms, get_depth: 0.0ms, 光流: 0.0ms, 位姿优化: 290.8ms/25itr) | 
KF处理: 13.7ms
Flow: GS Flow: 完整模式 | 59 -> 69 | iter=4000
Flow: Flow loss: 0.004956 (clamped: 0.004956) | weight: 0.1 | iter=4000
BACKEND: [Deform Stats] coefs_norm=457.670837, coefs_max=2.402915, 
coefs_mean=0.172695
BACKEND: [Deform Stats] dynamic_ratio=0.0006 (2/3256)
Timing: [Frame 121] 总计: 1197.1ms | 相机初始化: 26.8ms | Tracking: 1163.9ms 
(get_pose: 708.5ms, get_depth: 0.0ms, 光流: 0.0ms, 位姿优化: 447.9ms/25itr) | 
KF处理: 0.1ms
Densify: 重置不可见高斯点不透明度 | 当前点数: 3,256
Timing: [Frame 122] 总计: 990.0ms | 相机初始化: 18.9ms | Tracking: 963.7ms 
(get_pose: 679.9ms, get_depth: 0.0ms, 光流: 0.0ms, 位姿优化: 280.9ms/25itr) | 
KF处理: 0.1ms
Timing: [Frame 123] 总计: 981.7ms | 相机初始化: 18.9ms | Tracking: 954.2ms 
(get_pose: 681.3ms, get_depth: 0.0ms, 光流: 0.0ms, 位姿优化: 270.0ms/25itr) | 
KF处理: 0.1ms
Timing: [Frame 124] 总计: 1011.0ms | 相机初始化: 18.5ms | Tracking: 986.8ms 
(get_pose: 712.6ms, get_depth: 0.0ms, 光流: 0.0ms, 位姿优化: 271.7ms/25itr) | 
KF处理: 0.1ms
Timing: [Frame 125] 总计: 999.3ms | 相机初始化: 18.4ms | Tracking: 970.0ms 
(get_pose: 673.4ms, get_depth: 0.0ms, 光流: 0.0ms, 位姿优化: 293.8ms/25itr) | 
KF处理: 0.1ms
Timing: [Frame 126] 总计: 1009.4ms | 相机初始化: 21.4ms | Tracking: 982.2ms 
(get_pose: 690.8ms, get_depth: 0.0ms, 光流: 0.0ms, 位姿优化: 288.3ms/25itr) | 
KF处理: 0.1ms
Timing: [Frame 127] 总计: 1275.7ms | 相机初始化: 35.4ms | Tracking: 1234.5ms 
(get_pose: 947.6ms, get_depth: 0.0ms, 光流: 0.0ms, 位姿优化: 284.2ms/25itr) | 
KF处理: 0.1ms
IO: 已保存点云 | 迭代: 3000 | 路径: 
results/stereo_seq_easy_stereo_seq_easy/2026-02-19-19-25-14/point_clouds/iterati
on_3000.ply
Timing: [Frame 128] 总计: 1001.2ms | 相机初始化: 18.2ms | Tracking: 975.2ms 
(get_pose: 661.4ms, get_depth: 0.0ms, 光流: 0.0ms, 位姿优化: 310.7ms/25itr) | 
KF处理: 0.1ms
Timing: [Frame 129] 总计: 1256.4ms | 相机初始化: 24.5ms | Tracking: 1225.8ms 
(get_pose: 666.5ms, get_depth: 0.0ms, 光流: 0.0ms, 位姿优化: 556.9ms/25itr) | 
KF处理: 0.1ms
Timing: [Frame 130] 总计: 1056.0ms | 相机初始化: 34.9ms | Tracking: 999.3ms 
(get_pose: 687.9ms, get_depth: 0.0ms, 光流: 0.0ms, 位姿优化: 308.3ms/25itr) | 
KF处理: 14.7ms
Timing: [Frame 131] 总计: 999.4ms | 相机初始化: 19.1ms | Tracking: 974.3ms 
(get_pose: 687.3ms, get_depth: 0.0ms, 光流: 0.0ms, 位姿优化: 283.5ms/25itr) | 
KF处理: 0.1ms
Timing: [Frame 132] 总计: 1062.9ms | 相机初始化: 18.7ms | Tracking: 1036.0ms 
(get_pose: 704.3ms, get_depth: 0.0ms, 光流: 0.0ms, 位姿优化: 324.6ms/25itr) | 
KF处理: 0.1ms
Timing: [Frame 133] 总计: 1027.3ms | 相机初始化: 42.5ms | Tracking: 978.7ms 
(get_pose: 666.4ms, get_depth: 0.0ms, 光流: 0.0ms, 位姿优化: 309.0ms/25itr) | 
KF处理: 0.1ms
Timing: [Frame 134] 总计: 1015.3ms | 相机初始化: 18.1ms | Tracking: 991.3ms 
(get_pose: 684.9ms, get_depth: 0.0ms, 光流: 0.0ms, 位姿优化: 303.4ms/25itr) | 
KF处理: 0.1ms
Timing: [Frame 135] 总计: 1301.3ms | 相机初始化: 26.5ms | Tracking: 1268.9ms 
(get_pose: 984.1ms, get_depth: 0.0ms, 光流: 0.0ms, 位姿优化: 281.7ms/25itr) | 
KF处理: 0.1ms
Timing: [Frame 136] 总计: 1027.5ms | 相机初始化: 18.9ms | Tracking: 998.5ms 
(get_pose: 706.3ms, get_depth: 0.0ms, 光流: 0.0ms, 位姿优化: 289.6ms/25itr) | 
KF处理: 0.1ms
Timing: [Frame 137] 总计: 1139.2ms | 相机初始化: 20.2ms | Tracking: 1112.6ms 
(get_pose: 661.2ms, get_depth: 0.0ms, 光流: 0.0ms, 位姿优化: 444.5ms/25itr) | 
KF处理: 0.1ms
Timing: [Frame 138] 总计: 995.1ms | 相机初始化: 18.8ms | Tracking: 970.1ms 
(get_pose: 673.4ms, get_depth: 0.0ms, 光流: 0.0ms, 位姿优化: 294.2ms/25itr) | 
KF处理: 0.1ms
Timing: [Frame 139] 总计: 990.5ms | 相机初始化: 18.5ms | Tracking: 966.4ms 
(get_pose: 679.8ms, get_depth: 0.0ms, 光流: 0.0ms, 位姿优化: 283.0ms/25itr) | 
KF处理: 0.1ms
Timing: [Frame 140] 总计: 1308.5ms | 相机初始化: 18.2ms | Tracking: 1263.5ms 
(get_pose: 966.9ms, get_depth: 0.0ms, 光流: 0.0ms, 位姿优化: 293.0ms/25itr) | 
KF处理: 14.7ms
Timing: [Frame 141] 总计: 974.3ms | 相机初始化: 25.6ms | Tracking: 939.6ms 
(get_pose: 678.3ms, get_depth: 0.0ms, 光流: 0.0ms, 位姿优化: 258.5ms/25itr) | 
KF处理: 0.1ms
Timing: [Frame 142] 总计: 1242.7ms | 相机初始化: 24.3ms | Tracking: 1210.0ms 
(get_pose: 700.3ms, get_depth: 0.0ms, 光流: 0.0ms, 位姿优化: 506.7ms/25itr) | 
KF处理: 0.1ms
Timing: [Frame 143] 总计: 970.3ms | 相机初始化: 20.2ms | Tracking: 943.9ms 
(get_pose: 663.7ms, get_depth: 0.0ms, 光流: 0.0ms, 位姿优化: 276.7ms/25itr) | 
KF处理: 0.1ms
Timing: [Frame 144] 总计: 989.2ms | 相机初始化: 18.6ms | Tracking: 965.0ms 
(get_pose: 677.3ms, get_depth: 0.0ms, 光流: 0.0ms, 位姿优化: 285.1ms/25itr) | 
KF处理: 0.1ms
Timing: [Frame 145] 总计: 1020.3ms | 相机初始化: 18.6ms | Tracking: 990.5ms 
(get_pose: 714.8ms, get_depth: 0.0ms, 光流: 0.0ms, 位姿优化: 272.4ms/25itr) | 
KF处理: 0.1ms
Timing: [Frame 146] 总计: 1041.0ms | 相机初始化: 27.8ms | Tracking: 1003.8ms 
(get_pose: 700.9ms, get_depth: 0.0ms, 光流: 0.0ms, 位姿优化: 300.1ms/25itr) | 
KF处理: 0.1ms
Flow: GS Flow: 完整模式 | 59 -> 69 | iter=4200
Flow: Flow loss: 0.004934 (clamped: 0.004934) | weight: 0.1 | iter=4200
Timing: [Frame 147] 总计: 999.3ms | 相机初始化: 22.8ms | Tracking: 968.2ms 
(get_pose: 673.2ms, get_depth: 0.0ms, 光流: 0.0ms, 位姿优化: 291.7ms/25itr) | 
KF处理: 0.1ms
BACKEND: [Deform Stats] coefs_norm=403.761353, coefs_max=2.362917, 
coefs_mean=0.172705
BACKEND: [Deform Stats] dynamic_ratio=0.0008 (2/2534)
Timing: [Frame 148] 总计: 1247.1ms | 相机初始化: 19.4ms | Tracking: 1215.3ms 
(get_pose: 926.6ms, get_depth: 0.0ms, 光流: 0.0ms, 位姿优化: 284.3ms/25itr) | 
KF处理: 0.1ms
Timing: [Frame 149] 总计: 1016.5ms | 相机初始化: 21.7ms | Tracking: 984.3ms 
(get_pose: 673.1ms, get_depth: 0.0ms, 光流: 0.0ms, 位姿优化: 307.0ms/25itr) | 
KF处理: 0.1ms
Timing: [Frame 150] 总计: 1109.1ms | 相机初始化: 21.2ms | Tracking: 1067.5ms 
(get_pose: 683.5ms, get_depth: 0.0ms, 光流: 0.0ms, 位姿优化: 375.6ms/25itr) | 
KF处理: 14.7ms
Timing: [Frame 151] 总计: 1013.5ms | 相机初始化: 18.9ms | Tracking: 988.3ms 
(get_pose: 702.3ms, get_depth: 0.0ms, 光流: 0.0ms, 位姿优化: 283.4ms/25itr) | 
KF处理: 0.1ms
Timing: [Frame 152] 总计: 999.5ms | 相机初始化: 18.3ms | Tracking: 974.6ms 
(get_pose: 683.9ms, get_depth: 0.0ms, 光流: 0.0ms, 位姿优化: 288.1ms/25itr) | 
KF处理: 0.1ms
Timing: [Frame 153] 总计: 1046.6ms | 相机初始化: 18.0ms | Tracking: 1020.2ms 
(get_pose: 713.6ms, get_depth: 0.0ms, 光流: 0.0ms, 位姿优化: 303.7ms/25itr) | 
KF处理: 0.1ms
Timing: [Frame 154] 总计: 1007.1ms | 相机初始化: 21.8ms | Tracking: 979.7ms 
(get_pose: 684.4ms, get_depth: 0.0ms, 光流: 0.0ms, 位姿优化: 292.4ms/25itr) | 
KF处理: 0.1ms
Timing: [Frame 155] 总计: 973.6ms | 相机初始化: 18.8ms | Tracking: 948.7ms 
(get_pose: 680.9ms, get_depth: 0.0ms, 光流: 0.0ms, 位姿优化: 264.2ms/25itr) | 
KF处理: 0.1ms
Timing: [Frame 156] 总计: 1355.0ms | 相机初始化: 29.4ms | Tracking: 1317.8ms 
(get_pose: 1015.9ms, get_depth: 0.0ms, 光流: 0.0ms, 位姿优化: 299.1ms/25itr) | 
KF处理: 0.2ms
Timing: [Frame 157] 总计: 1039.5ms | 相机初始化: 32.1ms | Tracking: 1001.5ms 
(get_pose: 693.1ms, get_depth: 0.0ms, 光流: 0.0ms, 位姿优化: 305.2ms/25itr) | 
KF处理: 0.1ms
Timing: [Frame 158] 总计: 1170.3ms | 相机初始化: 18.8ms | Tracking: 1142.2ms 
(get_pose: 678.1ms, get_depth: 0.0ms, 光流: 0.0ms, 位姿优化: 455.3ms/25itr) | 
KF处理: 0.1ms
Timing: [Frame 159] 总计: 980.2ms | 相机初始化: 25.2ms | Tracking: 949.0ms 
(get_pose: 662.8ms, get_depth: 0.0ms, 光流: 0.0ms, 位姿优化: 282.6ms/25itr) | 
KF处理: 0.1ms
Timing: [Frame 160] 总计: 1017.4ms | 相机初始化: 18.1ms | Tracking: 973.1ms 
(get_pose: 694.7ms, get_depth: 0.0ms, 光流: 0.0ms, 位姿优化: 275.1ms/25itr) | 
KF处理: 13.3ms
Timing: [Frame 161] 总计: 1262.1ms | 相机初始化: 24.0ms | Tracking: 1230.0ms 
(get_pose: 921.1ms, get_depth: 0.0ms, 光流: 0.0ms, 位姿优化: 304.8ms/25itr) | 
KF处理: 0.1ms
Timing: [Frame 162] 总计: 1006.8ms | 相机初始化: 18.6ms | Tracking: 974.5ms 
(get_pose: 656.6ms, get_depth: 0.0ms, 光流: 0.0ms, 位姿优化: 314.7ms/25itr) | 
KF处理: 0.1ms
Timing: [Frame 163] 总计: 1058.9ms | 相机初始化: 27.5ms | Tracking: 1025.4ms 
(get_pose: 673.3ms, get_depth: 0.0ms, 光流: 0.0ms, 位姿优化: 344.0ms/25itr) | 
KF处理: 0.1ms
Timing: [Frame 164] 总计: 956.8ms | 相机初始化: 17.7ms | Tracking: 932.7ms 
(get_pose: 660.6ms, get_depth: 0.0ms, 光流: 0.0ms, 位姿优化: 269.5ms/25itr) | 
KF处理: 0.1ms
Timing: [Frame 165] 总计: 1013.8ms | 相机初始化: 18.0ms | Tracking: 987.5ms 
(get_pose: 692.3ms, get_depth: 0.0ms, 光流: 0.0ms, 位姿优化: 291.9ms/25itr) | 
KF处理: 0.1ms
Timing: [Frame 166] 总计: 1231.1ms | 相机初始化: 24.4ms | Tracking: 1197.8ms 
(get_pose: 899.9ms, get_depth: 0.0ms, 光流: 0.0ms, 位姿优化: 294.9ms/25itr) | 
KF处理: 0.1ms
Timing: [Frame 167] 总计: 1005.9ms | 相机初始化: 24.9ms | Tracking: 975.2ms 
(get_pose: 685.0ms, get_depth: 0.0ms, 光流: 0.0ms, 位姿优化: 286.8ms/25itr) | 
KF处理: 0.1ms
Timing: [Frame 168] 总计: 1256.4ms | 相机初始化: 18.1ms | Tracking: 1226.1ms 
(get_pose: 690.3ms, get_depth: 0.0ms, 光流: 0.0ms, 位姿优化: 532.8ms/25itr) | 
KF处理: 0.1ms
Deform: 动态点: 0.1% (2/2,911) | 静态点: 99.9%
Timing: [Frame 169] 总计: 961.3ms | 相机初始化: 31.8ms | Tracking: 923.0ms 
(get_pose: 660.5ms, get_depth: 0.0ms, 光流: 0.0ms, 位姿优化: 259.9ms/25itr) | 
KF处理: 0.1ms
Timing: [Frame 170] 总计: 988.5ms | 相机初始化: 18.4ms | Tracking: 949.4ms 
(get_pose: 671.3ms, get_depth: 0.0ms, 光流: 0.0ms, 位姿优化: 275.3ms/25itr) | 
KF处理: 14.5ms
Timing: [Frame 171] 总计: 1041.4ms | 相机初始化: 18.7ms | Tracking: 1016.3ms 
(get_pose: 677.1ms, get_depth: 0.0ms, 光流: 0.0ms, 位姿优化: 332.1ms/25itr) | 
KF处理: 0.1ms
Timing: [Frame 172] 总计: 968.3ms | 相机初始化: 33.3ms | Tracking: 926.0ms 
(get_pose: 665.7ms, get_depth: 0.0ms, 光流: 0.0ms, 位姿优化: 257.3ms/25itr) | 
KF处理: 0.1ms
Timing: [Frame 173] 总计: 1006.4ms | 相机初始化: 33.7ms | Tracking: 966.8ms 
(get_pose: 686.2ms, get_depth: 0.0ms, 光流: 0.0ms, 位姿优化: 277.5ms/25itr) | 
KF处理: 0.1ms
Flow: GS Flow: 完整模式 | 59 -> 69 | iter=4400
Flow: Flow loss: 0.005888 (clamped: 0.005888) | weight: 0.1 | iter=4400
Timing: [Frame 174] 总计: 1259.2ms | 相机初始化: 18.9ms | Tracking: 1227.0ms 
(get_pose: 942.9ms, get_depth: 0.0ms, 光流: 0.0ms, 位姿优化: 281.0ms/25itr) | 
KF处理: 0.1ms
Timing: [Frame 175] 总计: 997.0ms | 相机初始化: 22.9ms | Tracking: 962.1ms 
(get_pose: 663.0ms, get_depth: 0.0ms, 光流: 0.0ms, 位姿优化: 295.6ms/25itr) | 
KF处理: 0.2ms
Timing: [Frame 176] 总计: 1234.3ms | 相机初始化: 26.4ms | Tracking: 1199.5ms 
(get_pose: 639.0ms, get_depth: 0.0ms, 光流: 0.0ms, 位姿优化: 553.6ms/25itr) | 
KF处理: 0.1ms
Timing: [Frame 177] 总计: 990.2ms | 相机初始化: 21.0ms | Tracking: 963.2ms 
(get_pose: 655.4ms, get_depth: 0.0ms, 光流: 0.0ms, 位姿优化: 304.6ms/25itr) | 
KF处理: 0.1ms
Timing: [Frame 178] 总计: 1017.1ms | 相机初始化: 18.8ms | Tracking: 990.7ms 
(get_pose: 679.5ms, get_depth: 0.0ms, 光流: 0.0ms, 位姿优化: 308.4ms/25itr) | 
KF处理: 0.1ms
Timing: [Frame 179] 总计: 1045.6ms | 相机初始化: 18.9ms | Tracking: 1017.6ms 
(get_pose: 676.8ms, get_depth: 0.0ms, 光流: 0.0ms, 位姿优化: 333.1ms/25itr) | 
KF处理: 0.1ms
Timing: [Frame 180] 总计: 1010.7ms | 相机初始化: 20.8ms | Tracking: 971.5ms 
(get_pose: 681.2ms, get_depth: 0.0ms, 光流: 0.0ms, 位姿优化: 287.2ms/25itr) | 
KF处理: 12.0ms
Timing: [Frame 181] 总计: 956.6ms | 相机初始化: 34.4ms | Tracking: 915.2ms 
(get_pose: 631.7ms, get_depth: 0.0ms, 光流: 0.0ms, 位姿优化: 279.9ms/25itr) | 
KF处理: 0.1ms
Timing: [Frame 182] 总计: 1045.0ms | 相机初始化: 18.5ms | Tracking: 1015.7ms 
(get_pose: 635.0ms, get_depth: 0.0ms, 光流: 0.0ms, 位姿优化: 373.0ms/25itr) | 
KF处理: 0.2ms
Timing: [Frame 183] 总计: 940.8ms | 相机初始化: 24.2ms | Tracking: 911.0ms 
(get_pose: 640.0ms, get_depth: 0.0ms, 光流: 0.0ms, 位姿优化: 268.5ms/25itr) | 
KF处理: 0.1ms
Timing: [Frame 184] 总计: 977.0ms | 相机初始化: 18.0ms | Tracking: 952.5ms 
(get_pose: 660.1ms, get_depth: 0.0ms, 光流: 0.0ms, 位姿优化: 289.8ms/25itr) | 
KF处理: 0.1ms
Timing: [Frame 185] 总计: 1062.5ms | 相机初始化: 17.8ms | Tracking: 1038.7ms 
(get_pose: 778.9ms, get_depth: 0.0ms, 光流: 0.0ms, 位姿优化: 257.2ms/25itr) | 
KF处理: 0.1ms
Timing: [Frame 186] 总计: 1010.5ms | 相机初始化: 18.1ms | Tracking: 985.1ms 
(get_pose: 680.0ms, get_depth: 0.0ms, 光流: 0.0ms, 位姿优化: 302.1ms/25itr) | 
KF处理: 0.1ms
Timing: [Frame 187] 总计: 992.7ms | 相机初始化: 18.7ms | Tracking: 967.3ms 
(get_pose: 677.7ms, get_depth: 0.0ms, 光流: 0.0ms, 位姿优化: 287.0ms/25itr) | 
KF处理: 0.1ms
Timing: [Frame 188] 总计: 1161.9ms | 相机初始化: 18.2ms | Tracking: 1137.5ms 
(get_pose: 852.3ms, get_depth: 0.0ms, 光流: 0.0ms, 位姿优化: 282.6ms/25itr) | 
KF处理: 0.1ms
Timing: [Frame 189] 总计: 995.2ms | 相机初始化: 18.6ms | Tracking: 968.4ms 
(get_pose: 680.0ms, get_depth: 0.0ms, 光流: 0.0ms, 位姿优化: 285.1ms/25itr) | 
KF处理: 0.1ms
Timing: [Frame 190] 总计: 978.6ms | 相机初始化: 21.2ms | Tracking: 933.2ms 
(get_pose: 654.2ms, get_depth: 0.0ms, 光流: 0.0ms, 位姿优化: 275.8ms/25itr) | 
KF处理: 15.7ms
Timing: [Frame 191] 总计: 1286.4ms | 相机初始化: 19.0ms | Tracking: 1260.1ms 
(get_pose: 982.8ms, get_depth: 0.0ms, 光流: 0.0ms, 位姿优化: 274.4ms/25itr) | 
KF处理: 0.1ms
Timing: [Frame 192] 总计: 997.9ms | 相机初始化: 18.6ms | Tracking: 973.6ms 
(get_pose: 687.2ms, get_depth: 0.0ms, 光流: 0.0ms, 位姿优化: 283.2ms/25itr) | 
KF处理: 0.1ms
Timing: [Frame 193] 总计: 1213.8ms | 相机初始化: 17.8ms | Tracking: 1189.8ms 
(get_pose: 698.7ms, get_depth: 0.0ms, 光流: 0.0ms, 位姿优化: 483.1ms/25itr) | 
KF处理: 0.1ms
Timing: [Frame 194] 总计: 1006.6ms | 相机初始化: 18.6ms | Tracking: 978.0ms 
(get_pose: 689.9ms, get_depth: 0.0ms, 光流: 0.0ms, 位姿优化: 285.1ms/25itr) | 
KF处理: 0.1ms
Timing: [Frame 195] 总计: 1059.3ms | 相机初始化: 19.6ms | Tracking: 1026.3ms 
(get_pose: 713.7ms, get_depth: 0.0ms, 光流: 0.0ms, 位姿优化: 309.7ms/25itr) | 
KF处理: 0.2ms
Timing: [Frame 196] 总计: 1321.6ms | 相机初始化: 43.9ms | Tracking: 1271.2ms 
(get_pose: 971.6ms, get_depth: 0.0ms, 光流: 0.0ms, 位姿优化: 296.5ms/25itr) | 
KF处理: 0.1ms
Timing: [Frame 197] 总计: 1013.5ms | 相机初始化: 17.7ms | Tracking: 989.3ms 
(get_pose: 708.4ms, get_depth: 0.0ms, 光流: 0.0ms, 位姿优化: 277.8ms/25itr) | 
KF处理: 0.1ms
Eval: RMSE ATE [m] 0.0008534446661974516
Eval: Total time 378.95171875
Eval: Total FPS 0.5224940017507178
Eval: RMSE ATE [m] 0.0008534446661974516
Eval: 已保存渲染使用的PLY文件: 
results/stereo_seq_easy_stereo_seq_easy/2026-02-19-19-25-14/render_ply/point_clo
ud_before_opt.ply
Eval: mean psnr: 24.53391153672162, ssim: 0.7606919921018223, lpips: 
0.6190753094652758
INFO: 开始颜色精化
  0%|          | 0/26000 [00:00<?, ?it/s]  0%|          | 6/26000 [00:00<07:35, 57.11it/s]  0%|          | 12/26000 [00:00<07:57, 54.38it/s]  0%|          | 18/26000 [00:00<07:47, 55.58it/s]  0%|          | 24/26000 [00:00<07:58, 54.26it/s]  0%|          | 30/26000 [00:00<07:58, 54.29it/s]  0%|          | 36/26000 [00:00<07:58, 54.30it/s]  0%|          | 42/26000 [00:00<07:58, 54.28it/s]  0%|          | 48/26000 [00:00<08:01, 53.89it/s]  0%|          | 54/26000 [00:01<08:09, 53.04it/s]  0%|          | 60/26000 [00:01<08:13, 52.58it/s]  0%|          | 66/26000 [00:01<08:01, 53.83it/s]  0%|          | 72/26000 [00:01<08:01, 53.90it/s]  0%|          | 78/26000 [00:01<07:59, 54.03it/s]  0%|          | 84/26000 [00:01<07:55, 54.49it/s]  0%|          | 90/26000 [00:01<07:56, 54.33it/s]  0%|          | 96/26000 [00:01<07:50, 55.02it/s]  0%|          | 102/26000 [00:01<07:49, 55.18it/s]  0%|          | 108/26000 [00:01<07:54, 54.61it/s]  0%|          | 114/26000 [00:02<07:56, 54.34it/s]  0%|          | 120/26000 [00:02<08:07, 53.05it/s]  0%|          | 126/26000 [00:02<08:10, 52.74it/s]  1%|          | 132/26000 [00:02<08:03, 53.47it/s]  1%|          | 138/26000 [00:02<08:08, 52.91it/s]  1%|          | 144/26000 [00:02<08:07, 52.99it/s]  1%|          | 150/26000 [00:02<07:57, 54.18it/s]  1%|          | 156/26000 [00:02<07:50, 54.95it/s]  1%|          | 162/26000 [00:02<07:52, 54.66it/s]  1%|          | 168/26000 [00:03<07:58, 53.95it/s]  1%|          | 174/26000 [00:03<08:05, 53.16it/s]  1%|          | 180/26000 [00:03<08:06, 53.09it/s]  1%|          | 186/26000 [00:03<08:06, 53.11it/s]  1%|          | 192/26000 [00:03<08:12, 52.37it/s]  1%|          | 198/26000 [00:03<08:01, 53.55it/s]  1%|          | 204/26000 [00:03<08:00, 53.69it/s]  1%|          | 210/26000 [00:03<08:07, 52.90it/s]  1%|          | 216/26000 [00:04<08:15, 52.05it/s]  1%|          | 222/26000 [00:04<08:12, 52.33it/s]  1%|          | 228/26000 [00:04<08:09, 52.61it/s]  1%|          | 234/26000 [00:04<07:54, 54.31it/s]  1%|          | 240/26000 [00:04<07:57, 53.97it/s]  1%|          | 246/26000 [00:04<07:50, 54.76it/s]  1%|          | 252/26000 [00:04<07:50, 54.77it/s]  1%|          | 258/26000 [00:04<07:52, 54.45it/s]  1%|          | 264/26000 [00:04<08:04, 53.07it/s]  1%|          | 270/26000 [00:05<08:09, 52.61it/s]  1%|          | 276/26000 [00:05<07:56, 53.96it/s]  1%|          | 282/26000 [00:05<07:56, 54.02it/s]  1%|          | 288/26000 [00:05<08:03, 53.22it/s]  1%|          | 294/26000 [00:05<07:53, 54.27it/s]  1%|          | 300/26000 [00:05<07:54, 54.21it/s]  1%|          | 306/26000 [00:05<07:53, 54.30it/s]  1%|          | 312/26000 [00:05<07:50, 54.66it/s]  1%|          | 318/26000 [00:05<07:47, 54.91it/s]  1%|          | 324/26000 [00:06<07:48, 54.85it/s]  1%|▏         | 330/26000 [00:06<08:00, 53.38it/s]  1%|▏         | 336/26000 [00:06<08:05, 52.89it/s]  1%|▏         | 342/26000 [00:06<07:55, 53.97it/s]  1%|▏         | 348/26000 [00:06<07:55, 53.99it/s]  1%|▏         | 354/26000 [00:06<07:50, 54.48it/s]  1%|▏         | 361/26000 [00:06<07:33, 56.56it/s]  1%|▏         | 367/26000 [00:06<07:30, 56.88it/s]  1%|▏         | 373/26000 [00:06<07:28, 57.20it/s]  1%|▏         | 379/26000 [00:07<07:34, 56.35it/s]  1%|▏         | 385/26000 [00:07<07:46, 54.94it/s]  2%|▏         | 391/26000 [00:07<07:50, 54.48it/s]  2%|▏         | 397/26000 [00:07<07:51, 54.29it/s]  2%|▏         | 403/26000 [00:07<07:46, 54.82it/s]  2%|▏         | 409/26000 [00:07<07:43, 55.17it/s]  2%|▏         | 415/26000 [00:07<07:40, 55.58it/s]  2%|▏         | 421/26000 [00:07<07:38, 55.81it/s]  2%|▏         | 427/26000 [00:07<07:35, 56.15it/s]  2%|▏         | 433/26000 [00:07<07:40, 55.57it/s]  2%|▏         | 439/26000 [00:08<07:47, 54.64it/s]  2%|▏         | 445/26000 [00:08<07:55, 53.79it/s]  2%|▏         | 451/26000 [00:08<07:54, 53.81it/s]  2%|▏         | 457/26000 [00:08<07:56, 53.64it/s]  2%|▏         | 463/26000 [00:08<07:56, 53.62it/s]  2%|▏         | 469/26000 [00:08<07:54, 53.85it/s]  2%|▏         | 475/26000 [00:08<07:46, 54.74it/s]  2%|▏         | 481/26000 [00:08<07:47, 54.58it/s]  2%|▏         | 487/26000 [00:08<07:56, 53.58it/s]  2%|▏         | 493/26000 [00:09<07:56, 53.52it/s]  2%|▏         | 499/26000 [00:09<07:49, 54.37it/s]  2%|▏         | 505/26000 [00:09<07:47, 54.54it/s]  2%|▏         | 511/26000 [00:09<07:39, 55.45it/s]  2%|▏         | 517/26000 [00:09<07:43, 54.92it/s]  2%|▏         | 523/26000 [00:09<07:52, 53.95it/s]  2%|▏         | 529/26000 [00:09<07:42, 55.08it/s]  2%|▏         | 535/26000 [00:09<07:46, 54.59it/s]  2%|▏         | 541/26000 [00:09<07:49, 54.26it/s]  2%|▏         | 547/26000 [00:10<07:52, 53.89it/s]  2%|▏         | 553/26000 [00:10<08:03, 52.67it/s]  2%|▏         | 559/26000 [00:10<08:10, 51.89it/s]  2%|▏         | 565/26000 [00:10<08:09, 51.94it/s]  2%|▏         | 571/26000 [00:10<08:06, 52.27it/s]  2%|▏         | 577/26000 [00:10<08:10, 51.83it/s]  2%|▏         | 583/26000 [00:10<08:17, 51.04it/s]  2%|▏         | 589/26000 [00:10<08:21, 50.71it/s]  2%|▏         | 595/26000 [00:11<08:18, 50.97it/s]  2%|▏         | 601/26000 [00:11<08:17, 51.10it/s]  2%|▏         | 607/26000 [00:11<08:20, 50.70it/s]  2%|▏         | 613/26000 [00:11<08:07, 52.13it/s]  2%|▏         | 619/26000 [00:11<08:01, 52.75it/s]  2%|▏         | 625/26000 [00:11<07:52, 53.65it/s]  2%|▏         | 631/26000 [00:11<07:56, 53.21it/s]  2%|▏         | 637/26000 [00:11<07:57, 53.15it/s]  2%|▏         | 643/26000 [00:11<08:05, 52.22it/s]  2%|▏         | 649/26000 [00:12<08:00, 52.73it/s]  3%|▎         | 655/26000 [00:12<08:00, 52.74it/s]  3%|▎         | 661/26000 [00:12<08:02, 52.56it/s]  3%|▎         | 667/26000 [00:12<07:55, 53.32it/s]  3%|▎         | 673/26000 [00:12<07:41, 54.82it/s]  3%|▎         | 679/26000 [00:12<07:44, 54.49it/s]  3%|▎         | 685/26000 [00:12<07:45, 54.39it/s]  3%|▎         | 691/26000 [00:12<07:52, 53.60it/s]  3%|▎         | 697/26000 [00:12<07:43, 54.55it/s]  3%|▎         | 703/26000 [00:13<07:48, 54.03it/s]  3%|▎         | 709/26000 [00:13<07:54, 53.32it/s]  3%|▎         | 715/26000 [00:13<07:54, 53.25it/s]  3%|▎         | 721/26000 [00:13<07:57, 52.93it/s]  3%|▎         | 727/26000 [00:13<07:50, 53.74it/s]  3%|▎         | 733/26000 [00:13<07:46, 54.15it/s]  3%|▎         | 739/26000 [00:13<07:45, 54.31it/s]  3%|▎         | 745/26000 [00:13<07:50, 53.63it/s]  3%|▎         | 751/26000 [00:13<07:49, 53.82it/s]  3%|▎         | 757/26000 [00:14<07:50, 53.65it/s]  3%|▎         | 763/26000 [00:14<07:52, 53.40it/s]  3%|▎         | 769/26000 [00:14<07:45, 54.21it/s]  3%|▎         | 775/26000 [00:14<07:52, 53.41it/s]  3%|▎         | 781/26000 [00:14<07:51, 53.53it/s]  3%|▎         | 787/26000 [00:14<07:48, 53.79it/s]  3%|▎         | 793/26000 [00:14<07:54, 53.11it/s]  3%|▎         | 799/26000 [00:14<07:57, 52.83it/s]  3%|▎         | 805/26000 [00:14<07:58, 52.70it/s]  3%|▎         | 811/26000 [00:15<07:53, 53.15it/s]  3%|▎         | 817/26000 [00:15<07:57, 52.69it/s]  3%|▎         | 823/26000 [00:15<07:49, 53.64it/s]  3%|▎         | 829/26000 [00:15<07:51, 53.39it/s]  3%|▎         | 835/26000 [00:15<07:51, 53.33it/s]  3%|▎         | 841/26000 [00:15<07:58, 52.61it/s]  3%|▎         | 847/26000 [00:15<07:58, 52.57it/s]  3%|▎         | 853/26000 [00:15<08:05, 51.85it/s]  3%|▎         | 859/26000 [00:15<08:03, 51.95it/s]  3%|▎         | 865/26000 [00:16<07:56, 52.78it/s]  3%|▎         | 871/26000 [00:16<07:53, 53.03it/s]  3%|▎         | 877/26000 [00:16<07:53, 53.10it/s]  3%|▎         | 883/26000 [00:16<08:01, 52.20it/s]  3%|▎         | 889/26000 [00:16<07:52, 53.19it/s]  3%|▎         | 895/26000 [00:16<07:52, 53.15it/s]  3%|▎         | 901/26000 [00:16<07:45, 53.90it/s]  3%|▎         | 907/26000 [00:16<07:46, 53.77it/s]  4%|▎         | 913/26000 [00:17<07:50, 53.32it/s]  4%|▎         | 919/26000 [00:17<07:54, 52.82it/s]  4%|▎         | 925/26000 [00:17<07:52, 53.06it/s]  4%|▎         | 931/26000 [00:17<07:46, 53.76it/s]  4%|▎         | 937/26000 [00:17<07:52, 53.06it/s]  4%|▎         | 943/26000 [00:17<07:58, 52.42it/s]  4%|▎         | 949/26000 [00:17<08:01, 52.00it/s]  4%|▎         | 955/26000 [00:17<07:56, 52.58it/s]  4%|▎         | 961/26000 [00:17<07:49, 53.31it/s]  4%|▎         | 967/26000 [00:18<07:44, 53.87it/s]  4%|▎         | 973/26000 [00:18<07:49, 53.29it/s]  4%|▍         | 979/26000 [00:18<07:40, 54.32it/s]  4%|▍         | 985/26000 [00:18<07:49, 53.29it/s]  4%|▍         | 991/26000 [00:18<07:55, 52.61it/s]  4%|▍         | 997/26000 [00:18<08:04, 51.63it/s]  4%|▍         | 1003/26000 [00:18<08:08, 51.14it/s]  4%|▍         | 1009/26000 [00:18<08:04, 51.61it/s]  4%|▍         | 1015/26000 [00:18<07:51, 53.03it/s]  4%|▍         | 1021/26000 [00:19<07:44, 53.74it/s]  4%|▍         | 1027/26000 [00:19<07:46, 53.57it/s]  4%|▍         | 1033/26000 [00:19<07:34, 54.98it/s]  4%|▍         | 1039/26000 [00:19<07:36, 54.62it/s]  4%|▍         | 1045/26000 [00:19<07:36, 54.65it/s]  4%|▍         | 1051/26000 [00:19<07:38, 54.38it/s]  4%|▍         | 1057/26000 [00:19<07:48, 53.25it/s]  4%|▍         | 1063/26000 [00:19<07:38, 54.38it/s]  4%|▍         | 1069/26000 [00:19<07:37, 54.54it/s]  4%|▍         | 1075/26000 [00:20<07:43, 53.73it/s]  4%|▍         | 1081/26000 [00:20<07:42, 53.92it/s]  4%|▍         | 1087/26000 [00:20<07:43, 53.75it/s]  4%|▍         | 1093/26000 [00:20<07:45, 53.49it/s]  4%|▍         | 1099/26000 [00:20<07:49, 53.01it/s]  4%|▍         | 1105/26000 [00:20<07:50, 52.92it/s]  4%|▍         | 1111/26000 [00:20<07:54, 52.47it/s]  4%|▍         | 1117/26000 [00:20<07:56, 52.17it/s]  4%|▍         | 1123/26000 [00:20<07:47, 53.21it/s]  4%|▍         | 1129/26000 [00:21<07:46, 53.33it/s]  4%|▍         | 1135/26000 [00:21<07:44, 53.57it/s]  4%|▍         | 1141/26000 [00:21<07:48, 53.03it/s]  4%|▍         | 1147/26000 [00:21<07:46, 53.27it/s]  4%|▍         | 1153/26000 [00:21<07:43, 53.63it/s]  4%|▍         | 1159/26000 [00:21<07:50, 52.81it/s]  4%|▍         | 1165/26000 [00:21<07:52, 52.60it/s]  5%|▍         | 1171/26000 [00:21<07:54, 52.38it/s]  5%|▍         | 1177/26000 [00:21<07:48, 52.93it/s]  5%|▍         | 1183/26000 [00:22<07:51, 52.63it/s]  5%|▍         | 1189/26000 [00:22<07:57, 51.98it/s]  5%|▍         | 1195/26000 [00:22<07:43, 53.55it/s]  5%|▍         | 1201/26000 [00:22<07:51, 52.57it/s]  5%|▍         | 1207/26000 [00:22<07:47, 53.04it/s]  5%|▍         | 1213/26000 [00:22<07:47, 53.00it/s]  5%|▍         | 1219/26000 [00:22<07:49, 52.77it/s]  5%|▍         | 1225/26000 [00:22<07:51, 52.53it/s]  5%|▍         | 1231/26000 [00:22<07:51, 52.57it/s]  5%|▍         | 1237/26000 [00:23<07:51, 52.54it/s]  5%|▍         | 1243/26000 [00:23<07:47, 52.93it/s]  5%|▍         | 1249/26000 [00:23<07:43, 53.41it/s]  5%|▍         | 1255/26000 [00:23<07:45, 53.15it/s]  5%|▍         | 1261/26000 [00:23<07:45, 53.18it/s]  5%|▍         | 1267/26000 [00:23<07:40, 53.66it/s]  5%|▍         | 1273/26000 [00:23<07:28, 55.19it/s]  5%|▍         | 1279/26000 [00:23<07:19, 56.28it/s]  5%|▍         | 1285/26000 [00:23<07:26, 55.37it/s]  5%|▍         | 1291/26000 [00:24<07:19, 56.24it/s]  5%|▍         | 1297/26000 [00:24<07:30, 54.89it/s]  5%|▌         | 1303/26000 [00:24<07:31, 54.74it/s]  5%|▌         | 1309/26000 [00:24<07:42, 53.36it/s]  5%|▌         | 1315/26000 [00:24<07:38, 53.88it/s]  5%|▌         | 1321/26000 [00:24<07:42, 53.38it/s]  5%|▌         | 1327/26000 [00:24<07:37, 53.88it/s]  5%|▌         | 1333/26000 [00:24<07:40, 53.61it/s]  5%|▌         | 1339/26000 [00:24<07:42, 53.28it/s]  5%|▌         | 1345/26000 [00:25<07:32, 54.50it/s]  5%|▌         | 1351/26000 [00:25<07:29, 54.82it/s]  5%|▌         | 1357/26000 [00:25<07:38, 53.76it/s]  5%|▌         | 1363/26000 [00:25<07:24, 55.39it/s]  5%|▌         | 1369/26000 [00:25<07:18, 56.16it/s]  5%|▌         | 1375/26000 [00:25<07:21, 55.79it/s]  5%|▌         | 1381/26000 [00:25<07:23, 55.47it/s]  5%|▌         | 1387/26000 [00:25<07:31, 54.54it/s]  5%|▌         | 1393/26000 [00:25<07:43, 53.04it/s]  5%|▌         | 1399/26000 [00:26<07:51, 52.22it/s]  5%|▌         | 1405/26000 [00:26<07:58, 51.45it/s]  5%|▌         | 1411/26000 [00:26<07:48, 52.53it/s]  5%|▌         | 1417/26000 [00:26<07:48, 52.48it/s]  5%|▌         | 1423/26000 [00:26<07:47, 52.56it/s]  5%|▌         | 1429/26000 [00:26<07:51, 52.11it/s]  6%|▌         | 1435/26000 [00:26<07:46, 52.67it/s]  6%|▌         | 1441/26000 [00:26<07:42, 53.11it/s]  6%|▌         | 1447/26000 [00:27<07:45, 52.73it/s]  6%|▌         | 1453/26000 [00:27<07:48, 52.43it/s]  6%|▌         | 1459/26000 [00:27<07:37, 53.62it/s]  6%|▌         | 1465/26000 [00:27<07:31, 54.40it/s]  6%|▌         | 1471/26000 [00:27<07:36, 53.75it/s]  6%|▌         | 1477/26000 [00:27<07:27, 54.79it/s]  6%|▌         | 1483/26000 [00:27<07:23, 55.30it/s]  6%|▌         | 1489/26000 [00:27<07:21, 55.50it/s]  6%|▌         | 1495/26000 [00:27<07:29, 54.56it/s]  6%|▌         | 1501/26000 [00:27<07:30, 54.41it/s]  6%|▌         | 1507/26000 [00:28<07:24, 55.06it/s]  6%|▌         | 1513/26000 [00:28<07:14, 56.35it/s]  6%|▌         | 1519/26000 [00:28<07:19, 55.74it/s]  6%|▌         | 1525/26000 [00:28<07:31, 54.23it/s]  6%|▌         | 1531/26000 [00:28<07:33, 53.99it/s]  6%|▌         | 1537/26000 [00:28<07:35, 53.74it/s]  6%|▌         | 1543/26000 [00:28<07:30, 54.24it/s]  6%|▌         | 1549/26000 [00:28<07:31, 54.12it/s]  6%|▌         | 1555/26000 [00:28<07:32, 54.01it/s]  6%|▌         | 1561/26000 [00:29<07:28, 54.54it/s]  6%|▌         | 1567/26000 [00:29<07:31, 54.08it/s]  6%|▌         | 1573/26000 [00:29<07:33, 53.89it/s]  6%|▌         | 1579/26000 [00:29<07:29, 54.33it/s]  6%|▌         | 1585/26000 [00:29<07:37, 53.38it/s]  6%|▌         | 1591/26000 [00:29<07:39, 53.11it/s]  6%|▌         | 1597/26000 [00:29<07:28, 54.39it/s]  6%|▌         | 1603/26000 [00:29<07:34, 53.70it/s]  6%|▌         | 1609/26000 [00:29<07:42, 52.70it/s]  6%|▌         | 1615/26000 [00:30<07:47, 52.14it/s]  6%|▌         | 1621/26000 [00:30<07:39, 53.08it/s]  6%|▋         | 1627/26000 [00:30<07:34, 53.64it/s]  6%|▋         | 1633/26000 [00:30<07:44, 52.47it/s]  6%|▋         | 1639/26000 [00:30<07:48, 52.04it/s]  6%|▋         | 1645/26000 [00:30<07:37, 53.23it/s]  6%|▋         | 1651/26000 [00:30<07:36, 53.30it/s]  6%|▋         | 1657/26000 [00:30<07:35, 53.47it/s]  6%|▋         | 1663/26000 [00:31<07:40, 52.88it/s]  6%|▋         | 1669/26000 [00:31<07:26, 54.51it/s]  6%|▋         | 1675/26000 [00:31<07:23, 54.85it/s]  6%|▋         | 1681/26000 [00:31<07:22, 54.91it/s]  6%|▋         | 1687/26000 [00:31<07:19, 55.30it/s]  7%|▋         | 1693/26000 [00:31<07:30, 53.93it/s]  7%|▋         | 1699/26000 [00:31<07:38, 53.04it/s]  7%|▋         | 1705/26000 [00:31<07:29, 54.00it/s]  7%|▋         | 1711/26000 [00:31<07:26, 54.45it/s]  7%|▋         | 1717/26000 [00:31<07:19, 55.29it/s]  7%|▋         | 1723/26000 [00:32<07:17, 55.53it/s]  7%|▋         | 1729/26000 [00:32<07:13, 55.95it/s]  7%|▋         | 1735/26000 [00:32<07:13, 56.00it/s]  7%|▋         | 1741/26000 [00:32<07:12, 56.15it/s]  7%|▋         | 1747/26000 [00:32<07:21, 54.96it/s]  7%|▋         | 1753/26000 [00:32<07:22, 54.77it/s]  7%|▋         | 1759/26000 [00:32<07:26, 54.28it/s]  7%|▋         | 1765/26000 [00:32<07:23, 54.69it/s]  7%|▋         | 1771/26000 [00:32<07:19, 55.13it/s]  7%|▋         | 1777/26000 [00:33<07:29, 53.89it/s]  7%|▋         | 1783/26000 [00:33<07:33, 53.41it/s]  7%|▋         | 1789/26000 [00:33<07:28, 54.02it/s]  7%|▋         | 1795/26000 [00:33<07:30, 53.73it/s]  7%|▋         | 1801/26000 [00:33<07:17, 55.27it/s]  7%|▋         | 1807/26000 [00:33<07:10, 56.24it/s]  7%|▋         | 1813/26000 [00:33<07:08, 56.44it/s]  7%|▋         | 1819/26000 [00:33<07:09, 56.34it/s]  7%|▋         | 1825/26000 [00:33<07:15, 55.54it/s]  7%|▋         | 1831/26000 [00:34<07:23, 54.53it/s]  7%|▋         | 1837/26000 [00:34<07:31, 53.55it/s]  7%|▋         | 1843/26000 [00:34<07:35, 53.08it/s]  7%|▋         | 1849/26000 [00:34<07:39, 52.61it/s]  7%|▋         | 1855/26000 [00:34<07:41, 52.27it/s]  7%|▋         | 1861/26000 [00:34<07:36, 52.92it/s]  7%|▋         | 1867/26000 [00:34<07:29, 53.71it/s]  7%|▋         | 1873/26000 [00:34<07:26, 54.01it/s]  7%|▋         | 1879/26000 [00:34<07:23, 54.41it/s]  7%|▋         | 1885/26000 [00:35<07:33, 53.22it/s]  7%|▋         | 1891/26000 [00:35<07:39, 52.51it/s]  7%|▋         | 1897/26000 [00:35<07:35, 52.86it/s]  7%|▋         | 1903/26000 [00:35<07:26, 54.00it/s]  7%|▋         | 1909/26000 [00:35<07:21, 54.57it/s]  7%|▋         | 1915/26000 [00:35<07:23, 54.27it/s]  7%|▋         | 1921/26000 [00:35<07:19, 54.81it/s]  7%|▋         | 1927/26000 [00:35<07:14, 55.39it/s]  7%|▋         | 1933/26000 [00:35<07:20, 54.64it/s]  7%|▋         | 1939/26000 [00:36<07:22, 54.36it/s]  7%|▋         | 1945/26000 [00:36<07:18, 54.90it/s]  8%|▊         | 1951/26000 [00:36<07:21, 54.52it/s]  8%|▊         | 1957/26000 [00:36<07:26, 53.86it/s]  8%|▊         | 1963/26000 [00:36<07:29, 53.52it/s]  8%|▊         | 1969/26000 [00:36<07:23, 54.24it/s]  8%|▊         | 1975/26000 [00:36<07:20, 54.50it/s]  8%|▊         | 1981/26000 [00:36<07:21, 54.46it/s]  8%|▊         | 1987/26000 [00:36<07:26, 53.81it/s]  8%|▊         | 1993/26000 [00:37<07:32, 53.07it/s]  8%|▊         | 1999/26000 [00:37<07:37, 52.45it/s]  8%|▊         | 2005/26000 [00:37<07:29, 53.42it/s]  8%|▊         | 2011/26000 [00:37<07:32, 53.00it/s]  8%|▊         | 2017/26000 [00:37<07:28, 53.48it/s]  8%|▊         | 2023/26000 [00:37<07:30, 53.27it/s]  8%|▊         | 2029/26000 [00:37<07:31, 53.04it/s]  8%|▊         | 2035/26000 [00:37<07:37, 52.43it/s]  8%|▊         | 2041/26000 [00:38<07:41, 51.86it/s]  8%|▊         | 2047/26000 [00:38<07:41, 51.88it/s]  8%|▊         | 2053/26000 [00:38<07:27, 53.51it/s]  8%|▊         | 2059/26000 [00:38<07:27, 53.56it/s]  8%|▊         | 2065/26000 [00:38<07:21, 54.27it/s]  8%|▊         | 2071/26000 [00:38<07:20, 54.37it/s]  8%|▊         | 2077/26000 [00:38<07:14, 55.09it/s]  8%|▊         | 2083/26000 [00:38<07:15, 54.91it/s]  8%|▊         | 2089/26000 [00:38<07:19, 54.37it/s]  8%|▊         | 2095/26000 [00:38<07:15, 54.89it/s]  8%|▊         | 2101/26000 [00:39<07:15, 54.88it/s]  8%|▊         | 2107/26000 [00:39<07:24, 53.77it/s]  8%|▊         | 2113/26000 [00:39<07:30, 53.05it/s]  8%|▊         | 2119/26000 [00:39<07:27, 53.32it/s]  8%|▊         | 2125/26000 [00:39<07:27, 53.35it/s]  8%|▊         | 2131/26000 [00:39<07:20, 54.19it/s]  8%|▊         | 2137/26000 [00:39<07:18, 54.48it/s]  8%|▊         | 2143/26000 [00:39<07:27, 53.35it/s]  8%|▊         | 2149/26000 [00:39<07:26, 53.42it/s]  8%|▊         | 2155/26000 [00:40<07:27, 53.29it/s]  8%|▊         | 2161/26000 [00:40<07:35, 52.34it/s]  8%|▊         | 2167/26000 [00:40<07:43, 51.43it/s]  8%|▊         | 2173/26000 [00:40<07:45, 51.21it/s]  8%|▊         | 2179/26000 [00:40<07:32, 52.62it/s]  8%|▊         | 2185/26000 [00:40<07:30, 52.87it/s]  8%|▊         | 2191/26000 [00:40<07:29, 53.01it/s]  8%|▊         | 2197/26000 [00:40<07:22, 53.82it/s]  8%|▊         | 2203/26000 [00:41<07:14, 54.74it/s]  8%|▊         | 2209/26000 [00:41<07:21, 53.85it/s]  9%|▊         | 2215/26000 [00:41<07:24, 53.56it/s]  9%|▊         | 2221/26000 [00:41<07:13, 54.84it/s]  9%|▊         | 2227/26000 [00:41<07:16, 54.46it/s]  9%|▊         | 2233/26000 [00:41<07:16, 54.41it/s]  9%|▊         | 2239/26000 [00:41<07:17, 54.29it/s]  9%|▊         | 2245/26000 [00:41<07:14, 54.70it/s]  9%|▊         | 2251/26000 [00:41<07:11, 54.99it/s]  9%|▊         | 2257/26000 [00:42<07:22, 53.62it/s]  9%|▊         | 2263/26000 [00:42<07:17, 54.30it/s]  9%|▊         | 2269/26000 [00:42<07:15, 54.45it/s]  9%|▉         | 2275/26000 [00:42<07:21, 53.69it/s]  9%|▉         | 2281/26000 [00:42<07:19, 53.98it/s]  9%|▉         | 2287/26000 [00:42<07:22, 53.59it/s]  9%|▉         | 2293/26000 [00:42<07:19, 53.98it/s]  9%|▉         | 2299/26000 [00:42<07:26, 53.06it/s]  9%|▉         | 2305/26000 [00:42<07:21, 53.64it/s]  9%|▉         | 2311/26000 [00:43<07:16, 54.29it/s]  9%|▉         | 2317/26000 [00:43<07:22, 53.56it/s]  9%|▉         | 2323/26000 [00:43<07:15, 54.39it/s]  9%|▉         | 2329/26000 [00:43<07:11, 54.83it/s]  9%|▉         | 2335/26000 [00:43<07:03, 55.88it/s]  9%|▉         | 2341/26000 [00:43<07:13, 54.52it/s]  9%|▉         | 2347/26000 [00:43<07:08, 55.24it/s]  9%|▉         | 2353/26000 [00:43<07:12, 54.63it/s]  9%|▉         | 2359/26000 [00:43<07:15, 54.25it/s]  9%|▉         | 2365/26000 [00:44<07:17, 54.07it/s]  9%|▉         | 2371/26000 [00:44<07:16, 54.11it/s]  9%|▉         | 2377/26000 [00:44<07:17, 53.97it/s]  9%|▉         | 2383/26000 [00:44<07:14, 54.31it/s]  9%|▉         | 2389/26000 [00:44<07:10, 54.83it/s]  9%|▉         | 2395/26000 [00:44<07:07, 55.19it/s]  9%|▉         | 2401/26000 [00:44<07:10, 54.81it/s]  9%|▉         | 2407/26000 [00:44<07:17, 53.87it/s]  9%|▉         | 2413/26000 [00:44<07:27, 52.68it/s]  9%|▉         | 2419/26000 [00:45<07:24, 53.00it/s]  9%|▉         | 2425/26000 [00:45<07:27, 52.64it/s]  9%|▉         | 2432/26000 [00:45<07:00, 56.07it/s]  9%|▉         | 2438/26000 [00:45<07:15, 54.13it/s]  9%|▉         | 2444/26000 [00:45<07:24, 53.05it/s]  9%|▉         | 2450/26000 [00:45<07:17, 53.86it/s]  9%|▉         | 2456/26000 [00:45<07:11, 54.52it/s]  9%|▉         | 2463/26000 [00:45<06:49, 57.55it/s]  9%|▉         | 2469/26000 [00:45<07:00, 55.97it/s] 10%|▉         | 2475/26000 [00:46<07:05, 55.31it/s] 10%|▉         | 2481/26000 [00:46<07:10, 54.59it/s] 10%|▉         | 2487/26000 [00:46<07:06, 55.14it/s] 10%|▉         | 2493/26000 [00:46<07:03, 55.53it/s] 10%|▉         | 2499/26000 [00:46<07:00, 55.89it/s] 10%|▉         | 2505/26000 [00:46<07:00, 55.87it/s] 10%|▉         | 2511/26000 [00:46<07:08, 54.75it/s] 10%|▉         | 2517/26000 [00:46<07:18, 53.54it/s] 10%|▉         | 2523/26000 [00:46<07:12, 54.24it/s] 10%|▉         | 2529/26000 [00:47<07:09, 54.67it/s] 10%|▉         | 2535/26000 [00:47<07:02, 55.53it/s] 10%|▉         | 2541/26000 [00:47<07:02, 55.53it/s] 10%|▉         | 2547/26000 [00:47<06:56, 56.26it/s] 10%|▉         | 2553/26000 [00:47<07:04, 55.30it/s] 10%|▉         | 2559/26000 [00:47<06:59, 55.82it/s] 10%|▉         | 2565/26000 [00:47<07:04, 55.26it/s] 10%|▉         | 2571/26000 [00:47<07:08, 54.69it/s] 10%|▉         | 2577/26000 [00:47<07:11, 54.23it/s] 10%|▉         | 2583/26000 [00:47<07:11, 54.27it/s] 10%|▉         | 2589/26000 [00:48<07:11, 54.28it/s] 10%|▉         | 2595/26000 [00:48<07:17, 53.49it/s] 10%|█         | 2601/26000 [00:48<07:22, 52.88it/s] 10%|█         | 2607/26000 [00:48<07:12, 54.06it/s] 10%|█         | 2613/26000 [00:48<07:13, 53.91it/s] 10%|█         | 2619/26000 [00:48<07:04, 55.10it/s] 10%|█         | 2625/26000 [00:48<07:01, 55.42it/s] 10%|█         | 2631/26000 [00:48<07:14, 53.84it/s] 10%|█         | 2637/26000 [00:48<07:23, 52.65it/s] 10%|█         | 2643/26000 [00:49<07:16, 53.57it/s] 10%|█         | 2649/26000 [00:49<07:11, 54.16it/s] 10%|█         | 2655/26000 [00:49<07:12, 54.03it/s] 10%|█         | 2661/26000 [00:49<07:11, 54.13it/s] 10%|█         | 2667/26000 [00:49<07:21, 52.89it/s] 10%|█         | 2673/26000 [00:49<07:17, 53.37it/s] 10%|█         | 2679/26000 [00:49<07:10, 54.20it/s] 10%|█         | 2685/26000 [00:49<07:12, 53.85it/s] 10%|█         | 2691/26000 [00:49<07:06, 54.70it/s] 10%|█         | 2697/26000 [00:50<07:00, 55.42it/s] 10%|█         | 2703/26000 [00:50<07:01, 55.21it/s] 10%|█         | 2709/26000 [00:50<07:13, 53.69it/s] 10%|█         | 2715/26000 [00:50<07:22, 52.57it/s] 10%|█         | 2721/26000 [00:50<07:27, 51.97it/s] 10%|█         | 2727/26000 [00:50<07:27, 52.00it/s] 11%|█         | 2733/26000 [00:50<07:25, 52.24it/s] 11%|█         | 2739/26000 [00:50<07:19, 52.97it/s] 11%|█         | 2745/26000 [00:51<07:24, 52.27it/s] 11%|█         | 2751/26000 [00:51<07:28, 51.85it/s] 11%|█         | 2757/26000 [00:51<07:16, 53.22it/s] 11%|█         | 2763/26000 [00:51<07:11, 53.87it/s] 11%|█         | 2769/26000 [00:51<07:03, 54.84it/s] 11%|█         | 2775/26000 [00:51<07:10, 54.00it/s] 11%|█         | 2781/26000 [00:51<07:13, 53.56it/s] 11%|█         | 2787/26000 [00:51<07:11, 53.77it/s] 11%|█         | 2793/26000 [00:51<07:20, 52.73it/s] 11%|█         | 2799/26000 [00:52<07:21, 52.58it/s] 11%|█         | 2805/26000 [00:52<07:09, 54.06it/s] 11%|█         | 2811/26000 [00:52<07:05, 54.50it/s] 11%|█         | 2817/26000 [00:52<06:59, 55.22it/s] 11%|█         | 2823/26000 [00:52<07:05, 54.53it/s] 11%|█         | 2829/26000 [00:52<07:09, 53.96it/s] 11%|█         | 2835/26000 [00:52<07:01, 54.90it/s] 11%|█         | 2841/26000 [00:52<07:07, 54.16it/s] 11%|█         | 2847/26000 [00:52<07:00, 55.03it/s] 11%|█         | 2853/26000 [00:52<06:57, 55.44it/s] 11%|█         | 2859/26000 [00:53<07:08, 54.01it/s] 11%|█         | 2865/26000 [00:53<07:03, 54.66it/s] 11%|█         | 2871/26000 [00:53<06:55, 55.63it/s] 11%|█         | 2877/26000 [00:53<06:53, 55.94it/s] 11%|█         | 2883/26000 [00:53<06:50, 56.33it/s] 11%|█         | 2890/26000 [00:53<06:29, 59.33it/s] 11%|█         | 2897/26000 [00:53<06:30, 59.13it/s] 11%|█         | 2903/26000 [00:53<06:37, 58.08it/s] 11%|█         | 2909/26000 [00:53<06:36, 58.26it/s] 11%|█         | 2915/26000 [00:54<06:41, 57.52it/s] 11%|█         | 2921/26000 [00:54<06:45, 56.91it/s] 11%|█▏        | 2927/26000 [00:54<06:54, 55.72it/s] 11%|█▏        | 2933/26000 [00:54<06:47, 56.54it/s] 11%|█▏        | 2939/26000 [00:54<06:51, 56.05it/s] 11%|█▏        | 2945/26000 [00:54<06:50, 56.23it/s] 11%|█▏        | 2951/26000 [00:54<06:57, 55.18it/s] 11%|█▏        | 2957/26000 [00:54<07:04, 54.29it/s] 11%|█▏        | 2963/26000 [00:54<07:01, 54.66it/s] 11%|█▏        | 2969/26000 [00:55<07:06, 53.98it/s] 11%|█▏        | 2975/26000 [00:55<07:09, 53.57it/s] 11%|█▏        | 2981/26000 [00:55<07:07, 53.78it/s] 11%|█▏        | 2987/26000 [00:55<07:11, 53.33it/s] 12%|█▏        | 2993/26000 [00:55<07:14, 52.98it/s] 12%|█▏        | 2999/26000 [00:55<07:05, 54.00it/s] 12%|█▏        | 3005/26000 [00:55<07:15, 52.78it/s] 12%|█▏        | 3011/26000 [00:55<07:09, 53.48it/s] 12%|█▏        | 3017/26000 [00:55<07:07, 53.80it/s] 12%|█▏        | 3023/26000 [00:56<07:12, 53.13it/s] 12%|█▏        | 3029/26000 [00:56<07:16, 52.62it/s] 12%|█▏        | 3035/26000 [00:56<07:10, 53.40it/s] 12%|█▏        | 3041/26000 [00:56<07:01, 54.41it/s] 12%|█▏        | 3047/26000 [00:56<07:07, 53.74it/s] 12%|█▏        | 3053/26000 [00:56<07:06, 53.83it/s] 12%|█▏        | 3059/26000 [00:56<06:57, 54.93it/s] 12%|█▏        | 3065/26000 [00:56<07:00, 54.51it/s] 12%|█▏        | 3071/26000 [00:56<06:57, 54.87it/s] 12%|█▏        | 3077/26000 [00:57<06:55, 55.14it/s] 12%|█▏        | 3083/26000 [00:57<07:01, 54.43it/s] 12%|█▏        | 3089/26000 [00:57<07:07, 53.54it/s] 12%|█▏        | 3095/26000 [00:57<07:10, 53.22it/s] 12%|█▏        | 3101/26000 [00:57<07:11, 53.05it/s] 12%|█▏        | 3107/26000 [00:57<07:13, 52.77it/s] 12%|█▏        | 3113/26000 [00:57<07:18, 52.23it/s] 12%|█▏        | 3119/26000 [00:57<07:12, 52.94it/s] 12%|█▏        | 3125/26000 [00:57<07:03, 53.97it/s] 12%|█▏        | 3131/26000 [00:58<07:06, 53.56it/s] 12%|█▏        | 3137/26000 [00:58<06:57, 54.70it/s] 12%|█▏        | 3143/26000 [00:58<06:56, 54.86it/s] 12%|█▏        | 3149/26000 [00:58<06:50, 55.68it/s] 12%|█▏        | 3155/26000 [00:58<06:49, 55.75it/s] 12%|█▏        | 3161/26000 [00:58<06:59, 54.45it/s] 12%|█▏        | 3167/26000 [00:58<06:52, 55.35it/s] 12%|█▏        | 3173/26000 [00:58<06:55, 54.94it/s] 12%|█▏        | 3179/26000 [00:58<06:51, 55.41it/s] 12%|█▏        | 3185/26000 [00:59<06:53, 55.12it/s] 12%|█▏        | 3191/26000 [00:59<06:53, 55.18it/s] 12%|█▏        | 3197/26000 [00:59<06:47, 55.90it/s] 12%|█▏        | 3203/26000 [00:59<06:47, 55.95it/s] 12%|█▏        | 3209/26000 [00:59<06:46, 56.13it/s] 12%|█▏        | 3215/26000 [00:59<06:52, 55.23it/s] 12%|█▏        | 3221/26000 [00:59<07:04, 53.69it/s] 12%|█▏        | 3227/26000 [00:59<07:07, 53.25it/s] 12%|█▏        | 3233/26000 [00:59<06:56, 54.61it/s] 12%|█▏        | 3239/26000 [01:00<06:59, 54.23it/s] 12%|█▏        | 3245/26000 [01:00<07:00, 54.08it/s] 13%|█▎        | 3251/26000 [01:00<07:07, 53.27it/s] 13%|█▎        | 3257/26000 [01:00<06:58, 54.28it/s] 13%|█▎        | 3263/26000 [01:00<07:00, 54.06it/s] 13%|█▎        | 3269/26000 [01:00<07:04, 53.55it/s] 13%|█▎        | 3275/26000 [01:00<06:54, 54.81it/s] 13%|█▎        | 3281/26000 [01:00<06:58, 54.25it/s] 13%|█▎        | 3287/26000 [01:00<07:04, 53.46it/s] 13%|█▎        | 3293/26000 [01:01<07:09, 52.92it/s] 13%|█▎        | 3299/26000 [01:01<07:11, 52.66it/s] 13%|█▎        | 3305/26000 [01:01<07:08, 52.97it/s] 13%|█▎        | 3311/26000 [01:01<07:12, 52.49it/s] 13%|█▎        | 3317/26000 [01:01<07:11, 52.52it/s] 13%|█▎        | 3323/26000 [01:01<07:14, 52.20it/s] 13%|█▎        | 3329/26000 [01:01<07:05, 53.25it/s] 13%|█▎        | 3335/26000 [01:01<07:02, 53.61it/s] 13%|█▎        | 3341/26000 [01:01<07:07, 52.95it/s] 13%|█▎        | 3347/26000 [01:02<07:06, 53.16it/s] 13%|█▎        | 3353/26000 [01:02<06:51, 55.03it/s] 13%|█▎        | 3359/26000 [01:02<06:50, 55.19it/s] 13%|█▎        | 3365/26000 [01:02<06:58, 54.12it/s] 13%|█▎        | 3371/26000 [01:02<06:59, 54.00it/s] 13%|█▎        | 3377/26000 [01:02<06:58, 54.00it/s] 13%|█▎        | 3383/26000 [01:02<06:56, 54.30it/s] 13%|█▎        | 3389/26000 [01:02<06:58, 54.01it/s] 13%|█▎        | 3395/26000 [01:02<06:58, 53.99it/s] 13%|█▎        | 3401/26000 [01:03<06:50, 55.03it/s] 13%|█▎        | 3407/26000 [01:03<06:53, 54.67it/s] 13%|█▎        | 3413/26000 [01:03<07:02, 53.43it/s] 13%|█▎        | 3419/26000 [01:03<07:02, 53.39it/s] 13%|█▎        | 3425/26000 [01:03<07:06, 52.87it/s] 13%|█▎        | 3431/26000 [01:03<06:58, 53.99it/s] 13%|█▎        | 3437/26000 [01:03<06:51, 54.83it/s] 13%|█▎        | 3443/26000 [01:03<06:53, 54.58it/s] 13%|█▎        | 3449/26000 [01:03<06:56, 54.15it/s] 13%|█▎        | 3455/26000 [01:04<06:56, 54.17it/s] 13%|█▎        | 3461/26000 [01:04<06:59, 53.74it/s] 13%|█▎        | 3467/26000 [01:04<07:02, 53.30it/s] 13%|█▎        | 3473/26000 [01:04<06:56, 54.09it/s] 13%|█▎        | 3479/26000 [01:04<07:05, 52.97it/s] 13%|█▎        | 3485/26000 [01:04<06:57, 53.93it/s] 13%|█▎        | 3491/26000 [01:04<07:02, 53.25it/s] 13%|█▎        | 3497/26000 [01:04<07:04, 53.01it/s] 13%|█▎        | 3503/26000 [01:04<07:10, 52.25it/s] 13%|█▎        | 3509/26000 [01:05<07:06, 52.75it/s] 14%|█▎        | 3515/26000 [01:05<07:02, 53.18it/s] 14%|█▎        | 3521/26000 [01:05<06:52, 54.49it/s] 14%|█▎        | 3527/26000 [01:05<06:49, 54.85it/s] 14%|█▎        | 3533/26000 [01:05<06:44, 55.58it/s] 14%|█▎        | 3539/26000 [01:05<06:42, 55.74it/s] 14%|█▎        | 3545/26000 [01:05<06:45, 55.39it/s] 14%|█▎        | 3551/26000 [01:05<06:47, 55.03it/s] 14%|█▎        | 3557/26000 [01:05<06:52, 54.38it/s] 14%|█▎        | 3563/26000 [01:06<06:44, 55.48it/s] 14%|█▎        | 3569/26000 [01:06<06:44, 55.51it/s] 14%|█▍        | 3575/26000 [01:06<06:49, 54.75it/s] 14%|█▍        | 3581/26000 [01:06<06:52, 54.34it/s] 14%|█▍        | 3587/26000 [01:06<06:56, 53.81it/s] 14%|█▍        | 3593/26000 [01:06<06:47, 54.97it/s] 14%|█▍        | 3599/26000 [01:06<06:53, 54.19it/s] 14%|█▍        | 3605/26000 [01:06<07:01, 53.07it/s] 14%|█▍        | 3611/26000 [01:06<07:03, 52.84it/s] 14%|█▍        | 3617/26000 [01:07<07:02, 52.96it/s] 14%|█▍        | 3623/26000 [01:07<06:53, 54.14it/s] 14%|█▍        | 3629/26000 [01:07<06:54, 53.97it/s] 14%|█▍        | 3635/26000 [01:07<06:54, 53.98it/s] 14%|█▍        | 3641/26000 [01:07<06:59, 53.29it/s] 14%|█▍        | 3647/26000 [01:07<06:49, 54.61it/s] 14%|█▍        | 3653/26000 [01:07<06:53, 54.04it/s] 14%|█▍        | 3659/26000 [01:07<06:48, 54.75it/s] 14%|█▍        | 3665/26000 [01:07<06:42, 55.55it/s] 14%|█▍        | 3671/26000 [01:08<06:41, 55.61it/s] 14%|█▍        | 3677/26000 [01:08<06:46, 54.91it/s] 14%|█▍        | 3683/26000 [01:08<06:40, 55.76it/s] 14%|█▍        | 3689/26000 [01:08<06:42, 55.44it/s] 14%|█▍        | 3695/26000 [01:08<06:49, 54.53it/s] 14%|█▍        | 3701/26000 [01:08<06:52, 54.02it/s] 14%|█▍        | 3707/26000 [01:08<07:01, 52.87it/s] 14%|█▍        | 3713/26000 [01:08<06:51, 54.11it/s] 14%|█▍        | 3719/26000 [01:08<06:49, 54.40it/s] 14%|█▍        | 3725/26000 [01:09<06:48, 54.56it/s] 14%|█▍        | 3731/26000 [01:09<06:47, 54.65it/s] 14%|█▍        | 3737/26000 [01:09<06:46, 54.78it/s] 14%|█▍        | 3743/26000 [01:09<06:51, 54.11it/s] 14%|█▍        | 3749/26000 [01:09<06:46, 54.80it/s] 14%|█▍        | 3755/26000 [01:09<06:48, 54.46it/s] 14%|█▍        | 3761/26000 [01:09<06:51, 54.05it/s] 14%|█▍        | 3767/26000 [01:09<06:53, 53.80it/s] 15%|█▍        | 3773/26000 [01:09<06:46, 54.69it/s] 15%|█▍        | 3779/26000 [01:10<06:45, 54.85it/s] 15%|█▍        | 3785/26000 [01:10<06:48, 54.43it/s] 15%|█▍        | 3791/26000 [01:10<06:56, 53.28it/s] 15%|█▍        | 3797/26000 [01:10<06:51, 53.93it/s] 15%|█▍        | 3803/26000 [01:10<06:50, 54.05it/s] 15%|█▍        | 3810/26000 [01:10<06:35, 56.16it/s] 15%|█▍        | 3817/26000 [01:10<06:15, 59.14it/s] 15%|█▍        | 3823/26000 [01:10<06:30, 56.79it/s] 15%|█▍        | 3829/26000 [01:10<06:34, 56.27it/s] 15%|█▍        | 3835/26000 [01:11<06:38, 55.64it/s] 15%|█▍        | 3841/26000 [01:11<06:39, 55.46it/s] 15%|█▍        | 3847/26000 [01:11<06:35, 55.99it/s] 15%|█▍        | 3853/26000 [01:11<06:36, 55.90it/s] 15%|█▍        | 3859/26000 [01:11<06:39, 55.40it/s] 15%|█▍        | 3865/26000 [01:11<06:44, 54.67it/s] 15%|█▍        | 3871/26000 [01:11<06:48, 54.18it/s] 15%|█▍        | 3877/26000 [01:11<06:58, 52.90it/s] 15%|█▍        | 3883/26000 [01:11<06:57, 52.97it/s] 15%|█▍        | 3889/26000 [01:12<06:43, 54.82it/s] 15%|█▍        | 3895/26000 [01:12<06:52, 53.62it/s] 15%|█▌        | 3901/26000 [01:12<06:52, 53.63it/s] 15%|█▌        | 3907/26000 [01:12<06:46, 54.34it/s] 15%|█▌        | 3913/26000 [01:12<06:51, 53.65it/s] 15%|█▌        | 3919/26000 [01:12<06:44, 54.54it/s] 15%|█▌        | 3925/26000 [01:12<06:49, 53.93it/s] 15%|█▌        | 3931/26000 [01:12<06:49, 53.91it/s] 15%|█▌        | 3937/26000 [01:12<06:41, 54.90it/s] 15%|█▌        | 3943/26000 [01:13<06:42, 54.75it/s] 15%|█▌        | 3949/26000 [01:13<06:42, 54.80it/s] 15%|█▌        | 3955/26000 [01:13<06:40, 55.06it/s] 15%|█▌        | 3961/26000 [01:13<06:43, 54.64it/s] 15%|█▌        | 3967/26000 [01:13<06:53, 53.25it/s] 15%|█▌        | 3973/26000 [01:13<06:56, 52.86it/s] 15%|█▌        | 3979/26000 [01:13<06:55, 53.03it/s] 15%|█▌        | 3985/26000 [01:13<06:50, 53.65it/s] 15%|█▌        | 3991/26000 [01:13<06:54, 53.12it/s] 15%|█▌        | 3997/26000 [01:14<06:58, 52.53it/s] 15%|█▌        | 4003/26000 [01:14<06:47, 53.92it/s] 15%|█▌        | 4009/26000 [01:14<06:44, 54.39it/s] 15%|█▌        | 4015/26000 [01:14<06:49, 53.69it/s] 15%|█▌        | 4021/26000 [01:14<06:57, 52.59it/s] 15%|█▌        | 4027/26000 [01:14<06:51, 53.43it/s] 16%|█▌        | 4033/26000 [01:14<06:49, 53.61it/s] 16%|█▌        | 4039/26000 [01:14<06:53, 53.13it/s] 16%|█▌        | 4045/26000 [01:14<06:57, 52.55it/s] 16%|█▌        | 4051/26000 [01:15<06:51, 53.31it/s] 16%|█▌        | 4057/26000 [01:15<06:48, 53.67it/s] 16%|█▌        | 4063/26000 [01:15<06:52, 53.14it/s] 16%|█▌        | 4069/26000 [01:15<06:51, 53.25it/s] 16%|█▌        | 4075/26000 [01:15<06:52, 53.21it/s] 16%|█▌        | 4081/26000 [01:15<06:49, 53.58it/s] 16%|█▌        | 4087/26000 [01:15<06:49, 53.45it/s] 16%|█▌        | 4093/26000 [01:15<06:51, 53.27it/s] 16%|█▌        | 4099/26000 [01:15<06:54, 52.85it/s] 16%|█▌        | 4105/26000 [01:16<06:52, 53.08it/s] 16%|█▌        | 4111/26000 [01:16<07:00, 52.07it/s] 16%|█▌        | 4117/26000 [01:16<07:00, 52.02it/s] 16%|█▌        | 4123/26000 [01:16<06:59, 52.18it/s] 16%|█▌        | 4129/26000 [01:16<06:54, 52.80it/s] 16%|█▌        | 4135/26000 [01:16<06:56, 52.48it/s] 16%|█▌        | 4141/26000 [01:16<06:57, 52.41it/s] 16%|█▌        | 4147/26000 [01:16<06:57, 52.33it/s] 16%|█▌        | 4153/26000 [01:16<06:56, 52.41it/s] 16%|█▌        | 4159/26000 [01:17<06:48, 53.52it/s] 16%|█▌        | 4165/26000 [01:17<06:55, 52.61it/s] 16%|█▌        | 4171/26000 [01:17<06:53, 52.78it/s] 16%|█▌        | 4177/26000 [01:17<06:56, 52.41it/s] 16%|█▌        | 4183/26000 [01:17<06:45, 53.77it/s] 16%|█▌        | 4189/26000 [01:17<06:40, 54.47it/s] 16%|█▌        | 4195/26000 [01:17<06:40, 54.39it/s] 16%|█▌        | 4201/26000 [01:17<06:46, 53.56it/s] 16%|█▌        | 4207/26000 [01:18<06:55, 52.46it/s] 16%|█▌        | 4213/26000 [01:18<06:57, 52.25it/s] 16%|█▌        | 4219/26000 [01:18<06:44, 53.89it/s] 16%|█▋        | 4225/26000 [01:18<06:40, 54.34it/s] 16%|█▋        | 4231/26000 [01:18<06:35, 55.06it/s] 16%|█▋        | 4237/26000 [01:18<06:40, 54.37it/s] 16%|█▋        | 4243/26000 [01:18<06:42, 54.03it/s] 16%|█▋        | 4249/26000 [01:18<06:38, 54.56it/s] 16%|█▋        | 4255/26000 [01:18<06:34, 55.11it/s] 16%|█▋        | 4261/26000 [01:18<06:37, 54.65it/s] 16%|█▋        | 4267/26000 [01:19<06:32, 55.41it/s] 16%|█▋        | 4273/26000 [01:19<06:39, 54.43it/s] 16%|█▋        | 4279/26000 [01:19<06:35, 54.90it/s] 16%|█▋        | 4285/26000 [01:19<06:40, 54.27it/s] 17%|█▋        | 4291/26000 [01:19<06:48, 53.09it/s] 17%|█▋        | 4297/26000 [01:19<06:46, 53.33it/s] 17%|█▋        | 4303/26000 [01:19<06:55, 52.18it/s] 17%|█▋        | 4309/26000 [01:19<07:02, 51.37it/s] 17%|█▋        | 4315/26000 [01:20<06:56, 52.07it/s] 17%|█▋        | 4321/26000 [01:20<06:53, 52.45it/s] 17%|█▋        | 4327/26000 [01:20<06:51, 52.72it/s] 17%|█▋        | 4333/26000 [01:20<06:48, 53.00it/s] 17%|█▋        | 4339/26000 [01:20<06:45, 53.47it/s] 17%|█▋        | 4345/26000 [01:20<06:47, 53.14it/s] 17%|█▋        | 4351/26000 [01:20<06:46, 53.28it/s] 17%|█▋        | 4357/26000 [01:20<06:47, 53.12it/s] 17%|█▋        | 4363/26000 [01:20<06:46, 53.22it/s] 17%|█▋        | 4369/26000 [01:21<06:53, 52.29it/s] 17%|█▋        | 4375/26000 [01:21<06:50, 52.65it/s] 17%|█▋        | 4381/26000 [01:21<06:50, 52.67it/s] 17%|█▋        | 4387/26000 [01:21<06:53, 52.29it/s] 17%|█▋        | 4393/26000 [01:21<06:58, 51.62it/s] 17%|█▋        | 4399/26000 [01:21<07:02, 51.13it/s] 17%|█▋        | 4405/26000 [01:21<07:01, 51.20it/s] 17%|█▋        | 4411/26000 [01:21<06:53, 52.24it/s] 17%|█▋        | 4417/26000 [01:21<06:39, 54.00it/s] 17%|█▋        | 4423/26000 [01:22<06:35, 54.50it/s] 17%|█▋        | 4429/26000 [01:22<06:43, 53.47it/s] 17%|█▋        | 4435/26000 [01:22<06:45, 53.24it/s] 17%|█▋        | 4441/26000 [01:22<06:44, 53.34it/s] 17%|█▋        | 4447/26000 [01:22<06:40, 53.88it/s] 17%|█▋        | 4453/26000 [01:22<06:42, 53.54it/s] 17%|█▋        | 4459/26000 [01:22<06:49, 52.54it/s] 17%|█▋        | 4465/26000 [01:22<06:54, 51.91it/s] 17%|█▋        | 4471/26000 [01:22<06:50, 52.39it/s] 17%|█▋        | 4477/26000 [01:23<06:39, 53.81it/s] 17%|█▋        | 4483/26000 [01:23<06:41, 53.63it/s] 17%|█▋        | 4489/26000 [01:23<06:38, 53.94it/s] 17%|█▋        | 4495/26000 [01:23<06:42, 53.43it/s] 17%|█▋        | 4501/26000 [01:23<06:38, 54.00it/s] 17%|█▋        | 4507/26000 [01:23<06:39, 53.83it/s] 17%|█▋        | 4513/26000 [01:23<06:35, 54.34it/s] 17%|█▋        | 4519/26000 [01:23<06:27, 55.37it/s] 17%|█▋        | 4525/26000 [01:23<06:33, 54.58it/s] 17%|█▋        | 4531/26000 [01:24<06:25, 55.69it/s] 17%|█▋        | 4537/26000 [01:24<06:22, 56.14it/s] 17%|█▋        | 4543/26000 [01:24<06:16, 56.97it/s] 17%|█▋        | 4549/26000 [01:24<06:24, 55.81it/s] 18%|█▊        | 4555/26000 [01:24<06:25, 55.56it/s] 18%|█▊        | 4561/26000 [01:24<06:20, 56.42it/s] 18%|█▊        | 4567/26000 [01:24<06:22, 56.06it/s] 18%|█▊        | 4573/26000 [01:24<06:23, 55.86it/s] 18%|█▊        | 4579/26000 [01:24<06:25, 55.60it/s] 18%|█▊        | 4585/26000 [01:25<06:38, 53.78it/s] 18%|█▊        | 4591/26000 [01:25<06:38, 53.71it/s] 18%|█▊        | 4597/26000 [01:25<06:36, 54.04it/s] 18%|█▊        | 4603/26000 [01:25<06:36, 54.02it/s] 18%|█▊        | 4609/26000 [01:25<06:38, 53.72it/s] 18%|█▊        | 4615/26000 [01:25<06:39, 53.59it/s] 18%|█▊        | 4621/26000 [01:25<06:35, 54.06it/s] 18%|█▊        | 4627/26000 [01:25<06:34, 54.21it/s] 18%|█▊        | 4633/26000 [01:25<06:33, 54.31it/s] 18%|█▊        | 4639/26000 [01:26<06:32, 54.37it/s] 18%|█▊        | 4645/26000 [01:26<06:31, 54.49it/s] 18%|█▊        | 4651/26000 [01:26<06:30, 54.61it/s] 18%|█▊        | 4657/26000 [01:26<06:30, 54.66it/s] 18%|█▊        | 4663/26000 [01:26<06:37, 53.61it/s] 18%|█▊        | 4669/26000 [01:26<06:39, 53.33it/s] 18%|█▊        | 4675/26000 [01:26<06:42, 52.96it/s] 18%|█▊        | 4681/26000 [01:26<06:43, 52.86it/s] 18%|█▊        | 4687/26000 [01:26<06:48, 52.23it/s] 18%|█▊        | 4693/26000 [01:27<06:39, 53.28it/s] 18%|█▊        | 4699/26000 [01:27<06:32, 54.21it/s] 18%|█▊        | 4705/26000 [01:27<06:37, 53.59it/s] 18%|█▊        | 4711/26000 [01:27<06:29, 54.62it/s] 18%|█▊        | 4717/26000 [01:27<06:30, 54.51it/s] 18%|█▊        | 4723/26000 [01:27<06:35, 53.76it/s] 18%|█▊        | 4729/26000 [01:27<06:32, 54.24it/s] 18%|█▊        | 4735/26000 [01:27<06:35, 53.80it/s] 18%|█▊        | 4741/26000 [01:27<06:44, 52.60it/s] 18%|█▊        | 4747/26000 [01:28<06:48, 51.98it/s] 18%|█▊        | 4753/26000 [01:28<06:52, 51.51it/s] 18%|█▊        | 4759/26000 [01:28<06:41, 52.87it/s] 18%|█▊        | 4765/26000 [01:28<06:34, 53.82it/s] 18%|█▊        | 4771/26000 [01:28<06:30, 54.31it/s] 18%|█▊        | 4777/26000 [01:28<06:29, 54.45it/s] 18%|█▊        | 4783/26000 [01:28<06:34, 53.83it/s] 18%|█▊        | 4789/26000 [01:28<06:30, 54.39it/s] 18%|█▊        | 4795/26000 [01:28<06:31, 54.17it/s] 18%|█▊        | 4801/26000 [01:29<06:32, 54.04it/s] 18%|█▊        | 4807/26000 [01:29<06:35, 53.60it/s] 19%|█▊        | 4813/26000 [01:29<06:27, 54.66it/s] 19%|█▊        | 4819/26000 [01:29<06:30, 54.28it/s] 19%|█▊        | 4825/26000 [01:29<06:30, 54.28it/s] 19%|█▊        | 4831/26000 [01:29<06:26, 54.74it/s] 19%|█▊        | 4837/26000 [01:29<06:32, 53.94it/s] 19%|█▊        | 4843/26000 [01:29<06:33, 53.77it/s] 19%|█▊        | 4849/26000 [01:29<06:28, 54.46it/s] 19%|█▊        | 4855/26000 [01:30<06:24, 54.93it/s] 19%|█▊        | 4861/26000 [01:30<06:29, 54.31it/s] 19%|█▊        | 4867/26000 [01:30<06:22, 55.19it/s] 19%|█▊        | 4873/26000 [01:30<06:21, 55.42it/s] 19%|█▉        | 4879/26000 [01:30<06:25, 54.78it/s] 19%|█▉        | 4885/26000 [01:30<06:20, 55.52it/s] 19%|█▉        | 4891/26000 [01:30<06:24, 54.88it/s] 19%|█▉        | 4897/26000 [01:30<06:22, 55.22it/s] 19%|█▉        | 4903/26000 [01:30<06:24, 54.84it/s] 19%|█▉        | 4909/26000 [01:31<06:23, 54.98it/s] 19%|█▉        | 4915/26000 [01:31<06:27, 54.44it/s] 19%|█▉        | 4921/26000 [01:31<06:23, 54.91it/s] 19%|█▉        | 4927/26000 [01:31<06:31, 53.81it/s] 19%|█▉        | 4933/26000 [01:31<06:32, 53.70it/s] 19%|█▉        | 4939/26000 [01:31<06:37, 53.00it/s] 19%|█▉        | 4945/26000 [01:31<06:40, 52.51it/s] 19%|█▉        | 4951/26000 [01:31<06:45, 51.93it/s] 19%|█▉        | 4957/26000 [01:31<06:37, 52.99it/s] 19%|█▉        | 4963/26000 [01:32<06:28, 54.15it/s] 19%|█▉        | 4969/26000 [01:32<06:33, 53.50it/s] 19%|█▉        | 4975/26000 [01:32<06:40, 52.56it/s] 19%|█▉        | 4981/26000 [01:32<06:42, 52.18it/s] 19%|█▉        | 4987/26000 [01:32<06:37, 52.92it/s] 19%|█▉        | 4993/26000 [01:32<06:34, 53.25it/s] 19%|█▉        | 4999/26000 [01:32<06:39, 52.53it/s] 19%|█▉        | 5005/26000 [01:32<06:38, 52.63it/s] 19%|█▉        | 5011/26000 [01:32<06:27, 54.10it/s] 19%|█▉        | 5017/26000 [01:33<06:31, 53.56it/s] 19%|█▉        | 5023/26000 [01:33<06:37, 52.81it/s] 19%|█▉        | 5029/26000 [01:33<06:28, 53.95it/s] 19%|█▉        | 5035/26000 [01:33<06:27, 54.08it/s] 19%|█▉        | 5041/26000 [01:33<06:28, 53.89it/s] 19%|█▉        | 5047/26000 [01:33<06:29, 53.85it/s] 19%|█▉        | 5053/26000 [01:33<06:23, 54.69it/s] 19%|█▉        | 5059/26000 [01:33<06:28, 53.85it/s] 19%|█▉        | 5065/26000 [01:33<06:27, 54.08it/s] 20%|█▉        | 5071/26000 [01:34<06:34, 53.00it/s] 20%|█▉        | 5077/26000 [01:34<06:35, 52.85it/s] 20%|█▉        | 5083/26000 [01:34<06:26, 54.06it/s] 20%|█▉        | 5089/26000 [01:34<06:23, 54.54it/s] 20%|█▉        | 5095/26000 [01:34<06:30, 53.50it/s] 20%|█▉        | 5101/26000 [01:34<06:33, 53.15it/s] 20%|█▉        | 5107/26000 [01:34<06:28, 53.85it/s] 20%|█▉        | 5113/26000 [01:34<06:23, 54.45it/s] 20%|█▉        | 5119/26000 [01:34<06:23, 54.40it/s] 20%|█▉        | 5125/26000 [01:35<06:24, 54.35it/s] 20%|█▉        | 5131/26000 [01:35<06:21, 54.77it/s] 20%|█▉        | 5137/26000 [01:35<06:17, 55.29it/s] 20%|█▉        | 5143/26000 [01:35<06:24, 54.20it/s] 20%|█▉        | 5149/26000 [01:35<06:29, 53.50it/s] 20%|█▉        | 5155/26000 [01:35<06:30, 53.37it/s] 20%|█▉        | 5161/26000 [01:35<06:35, 52.74it/s] 20%|█▉        | 5167/26000 [01:35<06:31, 53.20it/s] 20%|█▉        | 5173/26000 [01:35<06:34, 52.81it/s] 20%|█▉        | 5179/26000 [01:36<06:35, 52.70it/s] 20%|█▉        | 5185/26000 [01:36<06:32, 53.05it/s] 20%|█▉        | 5191/26000 [01:36<06:31, 53.10it/s] 20%|█▉        | 5197/26000 [01:36<06:24, 54.10it/s] 20%|██        | 5203/26000 [01:36<06:24, 54.07it/s] 20%|██        | 5209/26000 [01:36<06:34, 52.66it/s] 20%|██        | 5215/26000 [01:36<06:38, 52.16it/s] 20%|██        | 5221/26000 [01:36<06:30, 53.18it/s] 20%|██        | 5227/26000 [01:36<06:35, 52.53it/s] 20%|██        | 5233/26000 [01:37<06:30, 53.13it/s] 20%|██        | 5239/26000 [01:37<06:34, 52.57it/s] 20%|██        | 5245/26000 [01:37<06:35, 52.44it/s] 20%|██        | 5251/26000 [01:37<06:40, 51.86it/s] 20%|██        | 5257/26000 [01:37<06:36, 52.26it/s] 20%|██        | 5263/26000 [01:37<06:32, 52.82it/s] 20%|██        | 5269/26000 [01:37<06:23, 54.01it/s] 20%|██        | 5275/26000 [01:37<06:18, 54.79it/s] 20%|██        | 5281/26000 [01:37<06:14, 55.25it/s] 20%|██        | 5287/26000 [01:38<06:20, 54.42it/s] 20%|██        | 5293/26000 [01:38<06:24, 53.90it/s] 20%|██        | 5299/26000 [01:38<06:26, 53.61it/s] 20%|██        | 5305/26000 [01:38<06:17, 54.78it/s] 20%|██        | 5311/26000 [01:38<06:16, 54.95it/s] 20%|██        | 5317/26000 [01:38<06:14, 55.21it/s] 20%|██        | 5323/26000 [01:38<06:23, 53.98it/s] 20%|██        | 5329/26000 [01:38<06:23, 53.95it/s] 21%|██        | 5335/26000 [01:38<06:25, 53.57it/s] 21%|██        | 5341/26000 [01:39<06:33, 52.51it/s] 21%|██        | 5347/26000 [01:39<06:34, 52.41it/s] 21%|██        | 5353/26000 [01:39<06:37, 51.90it/s] 21%|██        | 5359/26000 [01:39<06:40, 51.50it/s] 21%|██        | 5365/26000 [01:39<06:37, 51.97it/s] 21%|██        | 5371/26000 [01:39<06:35, 52.19it/s] 21%|██        | 5377/26000 [01:39<06:23, 53.83it/s] 21%|██        | 5383/26000 [01:39<06:25, 53.49it/s] 21%|██        | 5389/26000 [01:40<06:24, 53.65it/s] 21%|██        | 5395/26000 [01:40<06:20, 54.19it/s] 21%|██        | 5401/26000 [01:40<06:21, 53.94it/s] 21%|██        | 5407/26000 [01:40<06:26, 53.22it/s] 21%|██        | 5413/26000 [01:40<06:32, 52.50it/s] 21%|██        | 5419/26000 [01:40<06:35, 52.07it/s] 21%|██        | 5425/26000 [01:40<06:31, 52.57it/s] 21%|██        | 5431/26000 [01:40<06:21, 53.96it/s] 21%|██        | 5437/26000 [01:40<06:22, 53.70it/s] 21%|██        | 5443/26000 [01:41<06:27, 53.01it/s] 21%|██        | 5449/26000 [01:41<06:30, 52.58it/s] 21%|██        | 5455/26000 [01:41<06:37, 51.68it/s] 21%|██        | 5461/26000 [01:41<06:39, 51.35it/s] 21%|██        | 5467/26000 [01:41<06:35, 51.92it/s] 21%|██        | 5473/26000 [01:41<06:34, 52.06it/s] 21%|██        | 5479/26000 [01:41<06:30, 52.56it/s] 21%|██        | 5485/26000 [01:41<06:21, 53.84it/s] 21%|██        | 5491/26000 [01:41<06:23, 53.47it/s] 21%|██        | 5497/26000 [01:42<06:24, 53.33it/s] 21%|██        | 5503/26000 [01:42<06:17, 54.26it/s] 21%|██        | 5509/26000 [01:42<06:20, 53.86it/s] 21%|██        | 5515/26000 [01:42<06:23, 53.46it/s] 21%|██        | 5521/26000 [01:42<06:27, 52.84it/s] 21%|██▏       | 5527/26000 [01:42<06:25, 53.15it/s] 21%|██▏       | 5533/26000 [01:42<06:19, 53.86it/s] 21%|██▏       | 5539/26000 [01:42<06:14, 54.65it/s] 21%|██▏       | 5545/26000 [01:42<06:13, 54.71it/s] 21%|██▏       | 5551/26000 [01:43<06:10, 55.18it/s] 21%|██▏       | 5557/26000 [01:43<06:18, 54.07it/s] 21%|██▏       | 5563/26000 [01:43<06:23, 53.33it/s] 21%|██▏       | 5569/26000 [01:43<06:22, 53.37it/s] 21%|██▏       | 5575/26000 [01:43<06:14, 54.54it/s] 21%|██▏       | 5581/26000 [01:43<06:16, 54.24it/s] 21%|██▏       | 5587/26000 [01:43<06:13, 54.66it/s] 22%|██▏       | 5593/26000 [01:43<06:16, 54.24it/s] 22%|██▏       | 5599/26000 [01:43<06:20, 53.62it/s] 22%|██▏       | 5605/26000 [01:44<06:13, 54.67it/s] 22%|██▏       | 5611/26000 [01:44<06:11, 54.81it/s] 22%|██▏       | 5617/26000 [01:44<06:13, 54.51it/s] 22%|██▏       | 5623/26000 [01:44<06:13, 54.48it/s] 22%|██▏       | 5629/26000 [01:44<06:13, 54.50it/s] 22%|██▏       | 5635/26000 [01:44<06:19, 53.67it/s] 22%|██▏       | 5641/26000 [01:44<06:12, 54.69it/s] 22%|██▏       | 5647/26000 [01:44<06:15, 54.25it/s] 22%|██▏       | 5653/26000 [01:44<06:19, 53.57it/s] 22%|██▏       | 5659/26000 [01:45<06:21, 53.29it/s] 22%|██▏       | 5665/26000 [01:45<06:14, 54.30it/s] 22%|██▏       | 5671/26000 [01:45<06:16, 54.01it/s] 22%|██▏       | 5677/26000 [01:45<06:19, 53.55it/s] 22%|██▏       | 5683/26000 [01:45<06:17, 53.83it/s] 22%|██▏       | 5689/26000 [01:45<06:23, 53.02it/s] 22%|██▏       | 5695/26000 [01:45<06:24, 52.79it/s] 22%|██▏       | 5701/26000 [01:45<06:29, 52.15it/s] 22%|██▏       | 5707/26000 [01:45<06:28, 52.30it/s] 22%|██▏       | 5713/26000 [01:46<06:27, 52.36it/s] 22%|██▏       | 5719/26000 [01:46<06:18, 53.59it/s] 22%|██▏       | 5725/26000 [01:46<06:20, 53.27it/s] 22%|██▏       | 5731/26000 [01:46<06:10, 54.65it/s] 22%|██▏       | 5737/26000 [01:46<06:12, 54.33it/s] 22%|██▏       | 5743/26000 [01:46<06:08, 54.94it/s] 22%|██▏       | 5749/26000 [01:46<06:10, 54.70it/s] 22%|██▏       | 5755/26000 [01:46<06:17, 53.61it/s] 22%|██▏       | 5761/26000 [01:46<06:19, 53.27it/s] 22%|██▏       | 5767/26000 [01:47<06:12, 54.37it/s] 22%|██▏       | 5773/26000 [01:47<06:10, 54.63it/s] 22%|██▏       | 5779/26000 [01:47<06:16, 53.69it/s] 22%|██▏       | 5785/26000 [01:47<06:20, 53.06it/s] 22%|██▏       | 5791/26000 [01:47<06:19, 53.18it/s] 22%|██▏       | 5797/26000 [01:47<06:22, 52.80it/s] 22%|██▏       | 5803/26000 [01:47<06:24, 52.57it/s] 22%|██▏       | 5809/26000 [01:47<06:26, 52.30it/s] 22%|██▏       | 5815/26000 [01:47<06:29, 51.80it/s] 22%|██▏       | 5821/26000 [01:48<06:20, 53.03it/s] 22%|██▏       | 5827/26000 [01:48<06:21, 52.84it/s] 22%|██▏       | 5833/26000 [01:48<06:18, 53.27it/s] 22%|██▏       | 5839/26000 [01:48<06:19, 53.17it/s] 22%|██▏       | 5845/26000 [01:48<06:21, 52.87it/s] 23%|██▎       | 5851/26000 [01:48<06:22, 52.74it/s] 23%|██▎       | 5857/26000 [01:48<06:18, 53.22it/s] 23%|██▎       | 5863/26000 [01:48<06:14, 53.79it/s] 23%|██▎       | 5869/26000 [01:48<06:13, 53.84it/s] 23%|██▎       | 5875/26000 [01:49<06:17, 53.31it/s] 23%|██▎       | 5881/26000 [01:49<06:19, 52.97it/s] 23%|██▎       | 5887/26000 [01:49<06:15, 53.51it/s] 23%|██▎       | 5893/26000 [01:49<06:15, 53.57it/s] 23%|██▎       | 5899/26000 [01:49<06:12, 53.96it/s] 23%|██▎       | 5905/26000 [01:49<06:19, 52.98it/s] 23%|██▎       | 5911/26000 [01:49<06:11, 54.15it/s] 23%|██▎       | 5917/26000 [01:49<06:13, 53.79it/s] 23%|██▎       | 5923/26000 [01:49<06:17, 53.20it/s] 23%|██▎       | 5929/26000 [01:50<06:23, 52.39it/s] 23%|██▎       | 5935/26000 [01:50<06:17, 53.22it/s] 23%|██▎       | 5941/26000 [01:50<06:10, 54.15it/s] 23%|██▎       | 5947/26000 [01:50<06:16, 53.32it/s] 23%|██▎       | 5953/26000 [01:50<06:18, 52.94it/s] 23%|██▎       | 5959/26000 [01:50<06:15, 53.31it/s] 23%|██▎       | 5965/26000 [01:50<06:17, 53.03it/s] 23%|██▎       | 5971/26000 [01:50<06:20, 52.68it/s] 23%|██▎       | 5977/26000 [01:51<06:22, 52.41it/s] 23%|██▎       | 5983/26000 [01:51<06:21, 52.51it/s] 23%|██▎       | 5989/26000 [01:51<06:23, 52.25it/s] 23%|██▎       | 5995/26000 [01:51<06:24, 52.07it/s] 23%|██▎       | 6001/26000 [01:51<06:16, 53.05it/s] 23%|██▎       | 6007/26000 [01:51<06:19, 52.66it/s] 23%|██▎       | 6013/26000 [01:51<06:20, 52.53it/s] 23%|██▎       | 6019/26000 [01:51<06:14, 53.31it/s] 23%|██▎       | 6025/26000 [01:51<06:16, 53.02it/s] 23%|██▎       | 6031/26000 [01:52<06:11, 53.72it/s] 23%|██▎       | 6037/26000 [01:52<06:03, 54.91it/s] 23%|██▎       | 6043/26000 [01:52<06:05, 54.54it/s] 23%|██▎       | 6049/26000 [01:52<06:06, 54.50it/s] 23%|██▎       | 6055/26000 [01:52<06:11, 53.71it/s] 23%|██▎       | 6061/26000 [01:52<06:10, 53.77it/s] 23%|██▎       | 6067/26000 [01:52<06:10, 53.73it/s] 23%|██▎       | 6073/26000 [01:52<06:13, 53.40it/s] 23%|██▎       | 6079/26000 [01:52<06:12, 53.53it/s] 23%|██▎       | 6085/26000 [01:53<06:16, 52.95it/s] 23%|██▎       | 6091/26000 [01:53<06:18, 52.65it/s] 23%|██▎       | 6097/26000 [01:53<06:19, 52.50it/s] 23%|██▎       | 6103/26000 [01:53<06:20, 52.35it/s] 23%|██▎       | 6109/26000 [01:53<06:22, 52.04it/s] 24%|██▎       | 6115/26000 [01:53<06:14, 53.14it/s] 24%|██▎       | 6121/26000 [01:53<06:05, 54.33it/s] 24%|██▎       | 6127/26000 [01:53<06:09, 53.85it/s] 24%|██▎       | 6133/26000 [01:53<06:08, 53.85it/s] 24%|██▎       | 6139/26000 [01:54<06:11, 53.46it/s] 24%|██▎       | 6145/26000 [01:54<06:08, 53.94it/s] 24%|██▎       | 6151/26000 [01:54<05:58, 55.31it/s] 24%|██▎       | 6157/26000 [01:54<06:00, 55.04it/s] 24%|██▎       | 6163/26000 [01:54<06:05, 54.27it/s] 24%|██▎       | 6169/26000 [01:54<06:00, 55.04it/s] 24%|██▍       | 6175/26000 [01:54<06:04, 54.39it/s] 24%|██▍       | 6181/26000 [01:54<06:12, 53.21it/s] 24%|██▍       | 6187/26000 [01:54<06:17, 52.47it/s] 24%|██▍       | 6193/26000 [01:55<06:14, 52.85it/s] 24%|██▍       | 6199/26000 [01:55<06:14, 52.89it/s] 24%|██▍       | 6205/26000 [01:55<06:12, 53.11it/s] 24%|██▍       | 6211/26000 [01:55<06:13, 52.98it/s] 24%|██▍       | 6217/26000 [01:55<06:16, 52.60it/s] 24%|██▍       | 6223/26000 [01:55<06:11, 53.25it/s] 24%|██▍       | 6229/26000 [01:55<06:13, 52.87it/s] 24%|██▍       | 6235/26000 [01:55<06:18, 52.16it/s] 24%|██▍       | 6241/26000 [01:55<06:11, 53.14it/s] 24%|██▍       | 6247/26000 [01:56<06:10, 53.34it/s] 24%|██▍       | 6253/26000 [01:56<06:03, 54.32it/s] 24%|██▍       | 6259/26000 [01:56<06:08, 53.57it/s] 24%|██▍       | 6265/26000 [01:56<06:09, 53.44it/s] 24%|██▍       | 6271/26000 [01:56<06:13, 52.82it/s] 24%|██▍       | 6277/26000 [01:56<06:05, 53.99it/s] 24%|██▍       | 6283/26000 [01:56<06:06, 53.78it/s] 24%|██▍       | 6290/26000 [01:56<05:49, 56.33it/s] 24%|██▍       | 6296/26000 [01:56<05:46, 56.94it/s] 24%|██▍       | 6302/26000 [01:57<05:44, 57.11it/s] 24%|██▍       | 6308/26000 [01:57<05:48, 56.51it/s] 24%|██▍       | 6314/26000 [01:57<05:49, 56.27it/s] 24%|██▍       | 6320/26000 [01:57<05:51, 55.91it/s] 24%|██▍       | 6326/26000 [01:57<05:57, 55.02it/s] 24%|██▍       | 6332/26000 [01:57<06:01, 54.37it/s] 24%|██▍       | 6338/26000 [01:57<06:04, 54.01it/s] 24%|██▍       | 6344/26000 [01:57<06:08, 53.38it/s] 24%|██▍       | 6350/26000 [01:57<06:05, 53.76it/s] 24%|██▍       | 6356/26000 [01:58<06:10, 53.07it/s] 24%|██▍       | 6362/26000 [01:58<06:12, 52.70it/s] 24%|██▍       | 6368/26000 [01:58<06:12, 52.76it/s] 25%|██▍       | 6374/26000 [01:58<06:11, 52.80it/s] 25%|██▍       | 6380/26000 [01:58<06:08, 53.22it/s] 25%|██▍       | 6386/26000 [01:58<06:01, 54.30it/s] 25%|██▍       | 6392/26000 [01:58<05:54, 55.31it/s] 25%|██▍       | 6398/26000 [01:58<05:56, 55.01it/s] 25%|██▍       | 6404/26000 [01:58<05:55, 55.06it/s] 25%|██▍       | 6410/26000 [01:59<05:54, 55.24it/s] 25%|██▍       | 6416/26000 [01:59<05:51, 55.67it/s] 25%|██▍       | 6422/26000 [01:59<05:57, 54.76it/s] 25%|██▍       | 6428/26000 [01:59<06:01, 54.09it/s] 25%|██▍       | 6434/26000 [01:59<06:07, 53.22it/s] 25%|██▍       | 6440/26000 [01:59<06:03, 53.77it/s] 25%|██▍       | 6446/26000 [01:59<06:00, 54.20it/s] 25%|██▍       | 6452/26000 [01:59<06:00, 54.24it/s] 25%|██▍       | 6458/26000 [01:59<06:08, 53.04it/s] 25%|██▍       | 6464/26000 [02:00<06:13, 52.31it/s] 25%|██▍       | 6470/26000 [02:00<06:06, 53.23it/s] 25%|██▍       | 6476/26000 [02:00<05:57, 54.60it/s] 25%|██▍       | 6482/26000 [02:00<05:59, 54.28it/s] 25%|██▍       | 6488/26000 [02:00<06:01, 53.91it/s] 25%|██▍       | 6494/26000 [02:00<05:59, 54.30it/s] 25%|██▌       | 6500/26000 [02:00<06:02, 53.76it/s] 25%|██▌       | 6506/26000 [02:00<05:59, 54.16it/s] 25%|██▌       | 6512/26000 [02:00<05:57, 54.45it/s] 25%|██▌       | 6518/26000 [02:01<05:58, 54.35it/s] 25%|██▌       | 6524/26000 [02:01<06:01, 53.93it/s] 25%|██▌       | 6530/26000 [02:01<06:01, 53.81it/s] 25%|██▌       | 6536/26000 [02:01<06:06, 53.11it/s] 25%|██▌       | 6542/26000 [02:01<06:06, 53.11it/s] 25%|██▌       | 6549/26000 [02:01<05:49, 55.63it/s] 25%|██▌       | 6555/26000 [02:01<05:55, 54.73it/s] 25%|██▌       | 6561/26000 [02:01<05:57, 54.38it/s] 25%|██▌       | 6567/26000 [02:01<06:01, 53.79it/s] 25%|██▌       | 6573/26000 [02:02<06:07, 52.84it/s] 25%|██▌       | 6579/26000 [02:02<06:01, 53.67it/s] 25%|██▌       | 6585/26000 [02:02<06:02, 53.63it/s] 25%|██▌       | 6591/26000 [02:02<06:01, 53.67it/s] 25%|██▌       | 6597/26000 [02:02<05:57, 54.35it/s] 25%|██▌       | 6603/26000 [02:02<05:51, 55.15it/s] 25%|██▌       | 6610/26000 [02:02<05:42, 56.57it/s] 25%|██▌       | 6617/26000 [02:02<05:36, 57.67it/s] 25%|██▌       | 6623/26000 [02:02<05:34, 57.87it/s] 25%|██▌       | 6629/26000 [02:03<05:42, 56.55it/s] 26%|██▌       | 6635/26000 [02:03<05:46, 55.92it/s] 26%|██▌       | 6641/26000 [02:03<05:53, 54.82it/s] 26%|██▌       | 6647/26000 [02:03<05:48, 55.47it/s] 26%|██▌       | 6653/26000 [02:03<05:47, 55.66it/s] 26%|██▌       | 6659/26000 [02:03<05:51, 55.10it/s] 26%|██▌       | 6665/26000 [02:03<05:54, 54.58it/s] 26%|██▌       | 6671/26000 [02:03<05:59, 53.78it/s] 26%|██▌       | 6677/26000 [02:03<05:51, 54.94it/s] 26%|██▌       | 6683/26000 [02:04<05:55, 54.37it/s] 26%|██▌       | 6689/26000 [02:04<05:54, 54.55it/s] 26%|██▌       | 6695/26000 [02:04<05:50, 55.10it/s] 26%|██▌       | 6701/26000 [02:04<05:45, 55.80it/s] 26%|██▌       | 6707/26000 [02:04<05:52, 54.79it/s] 26%|██▌       | 6713/26000 [02:04<05:47, 55.45it/s] 26%|██▌       | 6719/26000 [02:04<05:43, 56.16it/s] 26%|██▌       | 6725/26000 [02:04<05:49, 55.08it/s] 26%|██▌       | 6731/26000 [02:04<05:55, 54.15it/s] 26%|██▌       | 6737/26000 [02:05<05:48, 55.22it/s] 26%|██▌       | 6743/26000 [02:05<05:46, 55.65it/s] 26%|██▌       | 6749/26000 [02:05<05:52, 54.63it/s] 26%|██▌       | 6755/26000 [02:05<05:46, 55.53it/s] 26%|██▌       | 6761/26000 [02:05<05:51, 54.67it/s] 26%|██▌       | 6767/26000 [02:05<05:46, 55.59it/s] 26%|██▌       | 6773/26000 [02:05<05:48, 55.21it/s] 26%|██▌       | 6779/26000 [02:05<05:55, 54.11it/s] 26%|██▌       | 6785/26000 [02:05<05:52, 54.55it/s] 26%|██▌       | 6791/26000 [02:06<05:53, 54.31it/s] 26%|██▌       | 6797/26000 [02:06<05:53, 54.29it/s] 26%|██▌       | 6803/26000 [02:06<06:00, 53.24it/s] 26%|██▌       | 6809/26000 [02:06<05:59, 53.44it/s] 26%|██▌       | 6815/26000 [02:06<05:55, 53.99it/s] 26%|██▌       | 6821/26000 [02:06<05:51, 54.49it/s] 26%|██▋       | 6827/26000 [02:06<05:49, 54.80it/s] 26%|██▋       | 6833/26000 [02:06<05:48, 55.07it/s] 26%|██▋       | 6839/26000 [02:06<05:48, 54.91it/s] 26%|██▋       | 6845/26000 [02:07<05:54, 54.02it/s] 26%|██▋       | 6851/26000 [02:07<06:00, 53.07it/s] 26%|██▋       | 6857/26000 [02:07<05:59, 53.22it/s] 26%|██▋       | 6863/26000 [02:07<06:04, 52.50it/s] 26%|██▋       | 6869/26000 [02:07<05:57, 53.46it/s] 26%|██▋       | 6875/26000 [02:07<05:51, 54.37it/s] 26%|██▋       | 6881/26000 [02:07<05:49, 54.70it/s] 26%|██▋       | 6887/26000 [02:07<05:43, 55.63it/s] 27%|██▋       | 6893/26000 [02:07<05:50, 54.44it/s] 27%|██▋       | 6899/26000 [02:08<05:56, 53.56it/s] 27%|██▋       | 6905/26000 [02:08<05:50, 54.48it/s] 27%|██▋       | 6911/26000 [02:08<05:46, 55.04it/s] 27%|██▋       | 6917/26000 [02:08<05:47, 54.87it/s] 27%|██▋       | 6923/26000 [02:08<05:45, 55.25it/s] 27%|██▋       | 6929/26000 [02:08<05:48, 54.66it/s] 27%|██▋       | 6935/26000 [02:08<05:53, 53.89it/s] 27%|██▋       | 6941/26000 [02:08<05:48, 54.75it/s] 27%|██▋       | 6947/26000 [02:08<05:49, 54.48it/s] 27%|██▋       | 6953/26000 [02:09<05:45, 55.12it/s] 27%|██▋       | 6959/26000 [02:09<05:45, 55.04it/s] 27%|██▋       | 6965/26000 [02:09<05:48, 54.63it/s] 27%|██▋       | 6971/26000 [02:09<05:50, 54.32it/s] 27%|██▋       | 6977/26000 [02:09<05:59, 52.97it/s] 27%|██▋       | 6983/26000 [02:09<06:01, 52.66it/s] 27%|██▋       | 6989/26000 [02:09<06:03, 52.24it/s] 27%|██▋       | 6995/26000 [02:09<06:02, 52.43it/s] 27%|██▋       | 7001/26000 [02:09<06:05, 51.98it/s] 27%|██▋       | 7007/26000 [02:10<05:57, 53.10it/s] 27%|██▋       | 7013/26000 [02:10<05:52, 53.88it/s] 27%|██▋       | 7019/26000 [02:10<05:47, 54.69it/s] 27%|██▋       | 7025/26000 [02:10<05:51, 53.95it/s] 27%|██▋       | 7031/26000 [02:10<05:43, 55.23it/s] 27%|██▋       | 7037/26000 [02:10<05:41, 55.48it/s] 27%|██▋       | 7043/26000 [02:10<05:52, 53.80it/s] 27%|██▋       | 7049/26000 [02:10<05:55, 53.34it/s] 27%|██▋       | 7055/26000 [02:10<05:47, 54.58it/s] 27%|██▋       | 7061/26000 [02:11<05:45, 54.75it/s] 27%|██▋       | 7067/26000 [02:11<05:49, 54.17it/s] 27%|██▋       | 7073/26000 [02:11<05:45, 54.83it/s] 27%|██▋       | 7079/26000 [02:11<05:43, 55.11it/s] 27%|██▋       | 7085/26000 [02:11<05:46, 54.53it/s] 27%|██▋       | 7091/26000 [02:11<05:41, 55.30it/s] 27%|██▋       | 7097/26000 [02:11<05:46, 54.63it/s] 27%|██▋       | 7103/26000 [02:11<05:42, 55.20it/s] 27%|██▋       | 7109/26000 [02:11<05:48, 54.17it/s] 27%|██▋       | 7115/26000 [02:12<05:51, 53.75it/s] 27%|██▋       | 7121/26000 [02:12<05:55, 53.16it/s] 27%|██▋       | 7127/26000 [02:12<05:55, 53.05it/s] 27%|██▋       | 7133/26000 [02:12<05:47, 54.25it/s] 27%|██▋       | 7139/26000 [02:12<05:49, 54.03it/s] 27%|██▋       | 7145/26000 [02:12<05:53, 53.31it/s] 28%|██▊       | 7151/26000 [02:12<05:50, 53.76it/s] 28%|██▊       | 7157/26000 [02:12<05:54, 53.18it/s] 28%|██▊       | 7163/26000 [02:12<05:45, 54.48it/s] 28%|██▊       | 7169/26000 [02:13<05:41, 55.21it/s] 28%|██▊       | 7175/26000 [02:13<05:42, 55.01it/s] 28%|██▊       | 7181/26000 [02:13<05:42, 54.92it/s] 28%|██▊       | 7187/26000 [02:13<05:40, 55.29it/s] 28%|██▊       | 7193/26000 [02:13<05:40, 55.28it/s] 28%|██▊       | 7199/26000 [02:13<05:46, 54.28it/s] 28%|██▊       | 7205/26000 [02:13<05:49, 53.72it/s] 28%|██▊       | 7211/26000 [02:13<05:51, 53.50it/s] 28%|██▊       | 7217/26000 [02:13<05:51, 53.37it/s] 28%|██▊       | 7223/26000 [02:14<05:52, 53.21it/s] 28%|██▊       | 7229/26000 [02:14<05:55, 52.74it/s] 28%|██▊       | 7235/26000 [02:14<05:59, 52.19it/s] 28%|██▊       | 7241/26000 [02:14<05:56, 52.68it/s] 28%|██▊       | 7247/26000 [02:14<05:59, 52.12it/s] 28%|██▊       | 7253/26000 [02:14<05:54, 52.90it/s] 28%|██▊       | 7259/26000 [02:14<05:49, 53.55it/s] 28%|██▊       | 7265/26000 [02:14<05:50, 53.49it/s] 28%|██▊       | 7271/26000 [02:14<05:46, 54.04it/s] 28%|██▊       | 7277/26000 [02:15<05:53, 53.00it/s] 28%|██▊       | 7283/26000 [02:15<05:55, 52.62it/s] 28%|██▊       | 7289/26000 [02:15<05:46, 53.98it/s] 28%|██▊       | 7295/26000 [02:15<05:42, 54.53it/s] 28%|██▊       | 7301/26000 [02:15<05:40, 54.97it/s] 28%|██▊       | 7307/26000 [02:15<05:46, 53.90it/s] 28%|██▊       | 7313/26000 [02:15<05:45, 54.04it/s] 28%|██▊       | 7319/26000 [02:15<05:51, 53.19it/s] 28%|██▊       | 7325/26000 [02:15<05:53, 52.89it/s] 28%|██▊       | 7331/26000 [02:16<05:47, 53.74it/s] 28%|██▊       | 7337/26000 [02:16<05:47, 53.74it/s] 28%|██▊       | 7343/26000 [02:16<05:51, 53.04it/s] 28%|██▊       | 7349/26000 [02:16<05:50, 53.18it/s] 28%|██▊       | 7355/26000 [02:16<05:50, 53.15it/s] 28%|██▊       | 7361/26000 [02:16<05:51, 53.05it/s] 28%|██▊       | 7367/26000 [02:16<05:42, 54.45it/s] 28%|██▊       | 7373/26000 [02:16<05:38, 55.03it/s] 28%|██▊       | 7379/26000 [02:16<05:44, 54.09it/s] 28%|██▊       | 7385/26000 [02:17<05:37, 55.10it/s] 28%|██▊       | 7391/26000 [02:17<05:45, 53.83it/s] 28%|██▊       | 7397/26000 [02:17<05:47, 53.54it/s] 28%|██▊       | 7403/26000 [02:17<05:49, 53.25it/s] 28%|██▊       | 7409/26000 [02:17<05:50, 52.98it/s] 29%|██▊       | 7415/26000 [02:17<05:54, 52.49it/s] 29%|██▊       | 7421/26000 [02:17<05:58, 51.87it/s] 29%|██▊       | 7427/26000 [02:17<05:56, 52.05it/s] 29%|██▊       | 7433/26000 [02:17<05:57, 51.99it/s] 29%|██▊       | 7439/26000 [02:18<05:58, 51.84it/s] 29%|██▊       | 7445/26000 [02:18<05:47, 53.33it/s] 29%|██▊       | 7451/26000 [02:18<05:43, 53.97it/s] 29%|██▊       | 7458/26000 [02:18<05:31, 55.86it/s] 29%|██▊       | 7465/26000 [02:18<05:21, 57.73it/s] 29%|██▊       | 7471/26000 [02:18<05:19, 57.96it/s] 29%|██▉       | 7477/26000 [02:18<05:24, 57.07it/s] 29%|██▉       | 7483/26000 [02:18<05:24, 57.13it/s] 29%|██▉       | 7489/26000 [02:18<05:32, 55.69it/s] 29%|██▉       | 7495/26000 [02:19<05:28, 56.25it/s] 29%|██▉       | 7501/26000 [02:19<05:35, 55.16it/s] 29%|██▉       | 7507/26000 [02:19<05:40, 54.38it/s] 29%|██▉       | 7513/26000 [02:19<05:34, 55.22it/s] 29%|██▉       | 7519/26000 [02:19<05:35, 55.12it/s] 29%|██▉       | 7525/26000 [02:19<05:36, 54.93it/s] 29%|██▉       | 7531/26000 [02:19<05:33, 55.45it/s] 29%|██▉       | 7537/26000 [02:19<05:33, 55.29it/s] 29%|██▉       | 7543/26000 [02:19<05:41, 54.02it/s] 29%|██▉       | 7549/26000 [02:20<05:38, 54.44it/s] 29%|██▉       | 7555/26000 [02:20<05:41, 53.96it/s] 29%|██▉       | 7561/26000 [02:20<05:37, 54.59it/s] 29%|██▉       | 7567/26000 [02:20<05:43, 53.73it/s] 29%|██▉       | 7573/26000 [02:20<05:38, 54.46it/s] 29%|██▉       | 7579/26000 [02:20<05:37, 54.55it/s] 29%|██▉       | 7585/26000 [02:20<05:39, 54.19it/s] 29%|██▉       | 7591/26000 [02:20<05:34, 55.06it/s] 29%|██▉       | 7597/26000 [02:20<05:36, 54.62it/s] 29%|██▉       | 7603/26000 [02:21<05:40, 53.98it/s] 29%|██▉       | 7609/26000 [02:21<05:46, 53.08it/s] 29%|██▉       | 7615/26000 [02:21<05:48, 52.75it/s] 29%|██▉       | 7621/26000 [02:21<05:46, 53.01it/s] 29%|██▉       | 7627/26000 [02:21<05:50, 52.49it/s] 29%|██▉       | 7633/26000 [02:21<05:52, 52.06it/s] 29%|██▉       | 7639/26000 [02:21<05:42, 53.56it/s] 29%|██▉       | 7645/26000 [02:21<05:38, 54.15it/s] 29%|██▉       | 7651/26000 [02:21<05:35, 54.66it/s] 29%|██▉       | 7657/26000 [02:22<05:38, 54.23it/s] 29%|██▉       | 7663/26000 [02:22<05:38, 54.18it/s] 29%|██▉       | 7669/26000 [02:22<05:40, 53.78it/s] 30%|██▉       | 7675/26000 [02:22<05:39, 53.97it/s] 30%|██▉       | 7681/26000 [02:22<05:39, 54.03it/s] 30%|██▉       | 7687/26000 [02:22<05:37, 54.25it/s] 30%|██▉       | 7693/26000 [02:22<05:40, 53.82it/s] 30%|██▉       | 7699/26000 [02:22<05:49, 52.39it/s] 30%|██▉       | 7705/26000 [02:22<05:54, 51.62it/s] 30%|██▉       | 7711/26000 [02:23<05:56, 51.36it/s] 30%|██▉       | 7717/26000 [02:23<05:54, 51.60it/s] 30%|██▉       | 7723/26000 [02:23<05:42, 53.39it/s] 30%|██▉       | 7729/26000 [02:23<05:42, 53.29it/s] 30%|██▉       | 7735/26000 [02:23<05:44, 53.04it/s] 30%|██▉       | 7741/26000 [02:23<05:49, 52.19it/s] 30%|██▉       | 7747/26000 [02:23<05:49, 52.25it/s] 30%|██▉       | 7753/26000 [02:23<05:47, 52.47it/s] 30%|██▉       | 7759/26000 [02:23<05:50, 52.09it/s] 30%|██▉       | 7765/26000 [02:24<05:48, 52.26it/s] 30%|██▉       | 7771/26000 [02:24<05:43, 53.09it/s] 30%|██▉       | 7777/26000 [02:24<05:49, 52.14it/s] 30%|██▉       | 7783/26000 [02:24<05:54, 51.44it/s] 30%|██▉       | 7789/26000 [02:24<05:54, 51.34it/s] 30%|██▉       | 7795/26000 [02:24<05:51, 51.81it/s] 30%|███       | 7801/26000 [02:24<05:43, 52.94it/s] 30%|███       | 7807/26000 [02:24<05:45, 52.66it/s] 30%|███       | 7813/26000 [02:25<05:41, 53.24it/s] 30%|███       | 7819/26000 [02:25<05:40, 53.37it/s] 30%|███       | 7825/26000 [02:25<05:33, 54.57it/s] 30%|███       | 7831/26000 [02:25<05:36, 54.02it/s] 30%|███       | 7837/26000 [02:25<05:34, 54.23it/s] 30%|███       | 7843/26000 [02:25<05:37, 53.78it/s] 30%|███       | 7849/26000 [02:25<05:34, 54.29it/s] 30%|███       | 7856/26000 [02:25<05:22, 56.20it/s] 30%|███       | 7862/26000 [02:25<05:27, 55.33it/s] 30%|███       | 7868/26000 [02:26<05:29, 55.04it/s] 30%|███       | 7874/26000 [02:26<05:24, 55.83it/s] 30%|███       | 7880/26000 [02:26<05:26, 55.56it/s] 30%|███       | 7886/26000 [02:26<05:23, 56.01it/s] 30%|███       | 7892/26000 [02:26<05:28, 55.18it/s] 30%|███       | 7898/26000 [02:26<05:28, 55.18it/s] 30%|███       | 7904/26000 [02:26<05:28, 55.03it/s] 30%|███       | 7910/26000 [02:26<05:33, 54.24it/s] 30%|███       | 7916/26000 [02:26<05:32, 54.45it/s] 30%|███       | 7922/26000 [02:27<05:38, 53.38it/s] 30%|███       | 7928/26000 [02:27<05:32, 54.39it/s] 31%|███       | 7934/26000 [02:27<05:31, 54.48it/s] 31%|███       | 7940/26000 [02:27<05:35, 53.80it/s] 31%|███       | 7946/26000 [02:27<05:38, 53.28it/s] 31%|███       | 7952/26000 [02:27<05:39, 53.20it/s] 31%|███       | 7958/26000 [02:27<05:43, 52.46it/s] 31%|███       | 7964/26000 [02:27<05:45, 52.17it/s] 31%|███       | 7970/26000 [02:27<05:44, 52.36it/s] 31%|███       | 7976/26000 [02:28<05:44, 52.28it/s] 31%|███       | 7982/26000 [02:28<05:35, 53.76it/s] 31%|███       | 7988/26000 [02:28<05:29, 54.61it/s] 31%|███       | 7994/26000 [02:28<05:26, 55.18it/s] 31%|███       | 8000/26000 [02:28<05:26, 55.15it/s] 31%|███       | 8006/26000 [02:28<05:22, 55.86it/s] 31%|███       | 8012/26000 [02:28<05:24, 55.46it/s] 31%|███       | 8018/26000 [02:28<05:30, 54.35it/s] 31%|███       | 8024/26000 [02:28<05:33, 53.82it/s] 31%|███       | 8030/26000 [02:29<05:26, 55.00it/s] 31%|███       | 8036/26000 [02:29<05:28, 54.74it/s] 31%|███       | 8042/26000 [02:29<05:27, 54.90it/s] 31%|███       | 8048/26000 [02:29<05:25, 55.18it/s] 31%|███       | 8054/26000 [02:29<05:30, 54.37it/s] 31%|███       | 8060/26000 [02:29<05:24, 55.34it/s] 31%|███       | 8066/26000 [02:29<05:24, 55.26it/s] 31%|███       | 8072/26000 [02:29<05:27, 54.68it/s] 31%|███       | 8078/26000 [02:29<05:26, 54.85it/s] 31%|███       | 8084/26000 [02:29<05:24, 55.18it/s] 31%|███       | 8090/26000 [02:30<05:31, 54.02it/s] 31%|███       | 8096/26000 [02:30<05:29, 54.33it/s] 31%|███       | 8102/26000 [02:30<05:31, 54.06it/s] 31%|███       | 8108/26000 [02:30<05:32, 53.81it/s] 31%|███       | 8114/26000 [02:30<05:35, 53.24it/s] 31%|███       | 8120/26000 [02:30<05:40, 52.58it/s] 31%|███▏      | 8126/26000 [02:30<05:40, 52.51it/s] 31%|███▏      | 8132/26000 [02:30<05:43, 52.08it/s] 31%|███▏      | 8138/26000 [02:31<05:38, 52.73it/s] 31%|███▏      | 8144/26000 [02:31<05:31, 53.86it/s] 31%|███▏      | 8150/26000 [02:31<05:32, 53.67it/s] 31%|███▏      | 8156/26000 [02:31<05:31, 53.87it/s] 31%|███▏      | 8162/26000 [02:31<05:24, 54.96it/s] 31%|███▏      | 8168/26000 [02:31<05:22, 55.32it/s] 31%|███▏      | 8174/26000 [02:31<05:19, 55.77it/s] 31%|███▏      | 8180/26000 [02:31<05:25, 54.70it/s] 31%|███▏      | 8186/26000 [02:31<05:21, 55.43it/s] 32%|███▏      | 8192/26000 [02:31<05:21, 55.46it/s] 32%|███▏      | 8198/26000 [02:32<05:26, 54.52it/s] 32%|███▏      | 8204/26000 [02:32<05:25, 54.64it/s] 32%|███▏      | 8210/26000 [02:32<05:30, 53.75it/s] 32%|███▏      | 8216/26000 [02:32<05:38, 52.50it/s] 32%|███▏      | 8222/26000 [02:32<05:43, 51.71it/s] 32%|███▏      | 8228/26000 [02:32<05:35, 53.00it/s] 32%|███▏      | 8234/26000 [02:32<05:30, 53.67it/s] 32%|███▏      | 8240/26000 [02:32<05:23, 54.84it/s] 32%|███▏      | 8246/26000 [02:33<05:26, 54.37it/s] 32%|███▏      | 8252/26000 [02:33<05:23, 54.92it/s] 32%|███▏      | 8258/26000 [02:33<05:23, 54.87it/s] 32%|███▏      | 8264/26000 [02:33<05:25, 54.42it/s] 32%|███▏      | 8270/26000 [02:33<05:18, 55.63it/s] 32%|███▏      | 8276/26000 [02:33<05:18, 55.67it/s] 32%|███▏      | 8282/26000 [02:33<05:20, 55.21it/s] 32%|███▏      | 8288/26000 [02:33<05:28, 53.90it/s] 32%|███▏      | 8294/26000 [02:33<05:31, 53.45it/s] 32%|███▏      | 8300/26000 [02:34<05:36, 52.55it/s] 32%|███▏      | 8306/26000 [02:34<05:33, 53.03it/s] 32%|███▏      | 8312/26000 [02:34<05:30, 53.46it/s] 32%|███▏      | 8318/26000 [02:34<05:31, 53.35it/s] 32%|███▏      | 8324/26000 [02:34<05:31, 53.28it/s] 32%|███▏      | 8330/26000 [02:34<05:25, 54.21it/s] 32%|███▏      | 8336/26000 [02:34<05:32, 53.20it/s] 32%|███▏      | 8342/26000 [02:34<05:27, 53.84it/s] 32%|███▏      | 8348/26000 [02:34<05:26, 54.00it/s] 32%|███▏      | 8354/26000 [02:35<05:33, 52.85it/s] 32%|███▏      | 8360/26000 [02:35<05:38, 52.11it/s] 32%|███▏      | 8366/26000 [02:35<05:26, 54.04it/s] 32%|███▏      | 8372/26000 [02:35<05:27, 53.87it/s] 32%|███▏      | 8378/26000 [02:35<05:21, 54.88it/s] 32%|███▏      | 8384/26000 [02:35<05:24, 54.29it/s] 32%|███▏      | 8390/26000 [02:35<05:26, 54.00it/s] 32%|███▏      | 8396/26000 [02:35<05:28, 53.54it/s] 32%|███▏      | 8402/26000 [02:35<05:31, 53.14it/s] 32%|███▏      | 8408/26000 [02:36<05:23, 54.44it/s] 32%|███▏      | 8414/26000 [02:36<05:24, 54.13it/s] 32%|███▏      | 8420/26000 [02:36<05:28, 53.45it/s] 32%|███▏      | 8426/26000 [02:36<05:32, 52.93it/s] 32%|███▏      | 8432/26000 [02:36<05:26, 53.86it/s] 32%|███▏      | 8438/26000 [02:36<05:22, 54.45it/s] 32%|███▏      | 8444/26000 [02:36<05:20, 54.80it/s] 32%|███▎      | 8450/26000 [02:36<05:18, 55.12it/s] 33%|███▎      | 8456/26000 [02:36<05:10, 56.42it/s] 33%|███▎      | 8462/26000 [02:36<05:13, 55.97it/s] 33%|███▎      | 8468/26000 [02:37<05:09, 56.56it/s] 33%|███▎      | 8474/26000 [02:37<05:08, 56.75it/s] 33%|███▎      | 8480/26000 [02:37<05:09, 56.55it/s] 33%|███▎      | 8486/26000 [02:37<05:11, 56.23it/s] 33%|███▎      | 8492/26000 [02:37<05:08, 56.67it/s] 33%|███▎      | 8498/26000 [02:37<05:13, 55.85it/s] 33%|███▎      | 8504/26000 [02:37<05:14, 55.69it/s] 33%|███▎      | 8510/26000 [02:37<05:18, 54.89it/s] 33%|███▎      | 8516/26000 [02:37<05:16, 55.19it/s] 33%|███▎      | 8522/26000 [02:38<05:15, 55.41it/s] 33%|███▎      | 8528/26000 [02:38<05:19, 54.72it/s] 33%|███▎      | 8535/26000 [02:38<05:05, 57.18it/s] 33%|███▎      | 8541/26000 [02:38<05:15, 55.42it/s] 33%|███▎      | 8547/26000 [02:38<05:12, 55.85it/s] 33%|███▎      | 8553/26000 [02:38<05:16, 55.04it/s] 33%|███▎      | 8559/26000 [02:38<05:21, 54.29it/s] 33%|███▎      | 8565/26000 [02:38<05:15, 55.34it/s] 33%|███▎      | 8571/26000 [02:38<05:17, 54.96it/s] 33%|███▎      | 8577/26000 [02:39<05:18, 54.77it/s] 33%|███▎      | 8583/26000 [02:39<05:14, 55.40it/s] 33%|███▎      | 8589/26000 [02:39<05:12, 55.67it/s] 33%|███▎      | 8595/26000 [02:39<05:11, 55.90it/s] 33%|███▎      | 8601/26000 [02:39<05:15, 55.15it/s] 33%|███▎      | 8607/26000 [02:39<05:18, 54.63it/s] 33%|███▎      | 8613/26000 [02:39<05:17, 54.78it/s] 33%|███▎      | 8619/26000 [02:39<05:13, 55.40it/s] 33%|███▎      | 8625/26000 [02:39<05:12, 55.67it/s] 33%|███▎      | 8631/26000 [02:40<05:09, 56.03it/s] 33%|███▎      | 8637/26000 [02:40<05:10, 55.92it/s] 33%|███▎      | 8643/26000 [02:40<05:10, 55.90it/s] 33%|███▎      | 8649/26000 [02:40<05:17, 54.59it/s] 33%|███▎      | 8655/26000 [02:40<05:15, 54.99it/s] 33%|███▎      | 8661/26000 [02:40<05:14, 55.14it/s] 33%|███▎      | 8667/26000 [02:40<05:09, 56.00it/s] 33%|███▎      | 8673/26000 [02:40<05:10, 55.88it/s] 33%|███▎      | 8679/26000 [02:40<05:09, 55.91it/s] 33%|███▎      | 8685/26000 [02:41<05:12, 55.46it/s] 33%|███▎      | 8691/26000 [02:41<05:11, 55.59it/s] 33%|███▎      | 8697/26000 [02:41<05:07, 56.30it/s] 33%|███▎      | 8703/26000 [02:41<05:13, 55.16it/s] 33%|███▎      | 8709/26000 [02:41<05:16, 54.55it/s] 34%|███▎      | 8715/26000 [02:41<05:24, 53.28it/s] 34%|███▎      | 8721/26000 [02:41<05:31, 52.11it/s] 34%|███▎      | 8727/26000 [02:41<05:35, 51.48it/s] 34%|███▎      | 8733/26000 [02:41<05:34, 51.68it/s] 34%|███▎      | 8739/26000 [02:42<05:34, 51.68it/s] 34%|███▎      | 8745/26000 [02:42<05:27, 52.65it/s] 34%|███▎      | 8751/26000 [02:42<05:27, 52.70it/s] 34%|███▎      | 8757/26000 [02:42<05:24, 53.14it/s] 34%|███▎      | 8763/26000 [02:42<05:25, 53.03it/s] 34%|███▎      | 8769/26000 [02:42<05:24, 53.06it/s] 34%|███▍      | 8775/26000 [02:42<05:28, 52.49it/s] 34%|███▍      | 8781/26000 [02:42<05:24, 53.04it/s] 34%|███▍      | 8787/26000 [02:42<05:24, 53.05it/s] 34%|███▍      | 8793/26000 [02:43<05:23, 53.16it/s] 34%|███▍      | 8799/26000 [02:43<05:25, 52.88it/s] 34%|███▍      | 8805/26000 [02:43<05:20, 53.68it/s] 34%|███▍      | 8811/26000 [02:43<05:20, 53.70it/s] 34%|███▍      | 8817/26000 [02:43<05:20, 53.68it/s] 34%|███▍      | 8823/26000 [02:43<05:20, 53.54it/s] 34%|███▍      | 8829/26000 [02:43<05:20, 53.52it/s] 34%|███▍      | 8835/26000 [02:43<05:15, 54.33it/s] 34%|███▍      | 8841/26000 [02:43<05:17, 54.09it/s] 34%|███▍      | 8847/26000 [02:44<05:15, 54.35it/s] 34%|███▍      | 8853/26000 [02:44<05:09, 55.46it/s] 34%|███▍      | 8859/26000 [02:44<05:13, 54.71it/s] 34%|███▍      | 8865/26000 [02:44<05:12, 54.79it/s] 34%|███▍      | 8871/26000 [02:44<05:13, 54.58it/s] 34%|███▍      | 8877/26000 [02:44<05:19, 53.56it/s] 34%|███▍      | 8883/26000 [02:44<05:26, 52.50it/s] 34%|███▍      | 8889/26000 [02:44<05:27, 52.28it/s] 34%|███▍      | 8895/26000 [02:44<05:29, 51.98it/s] 34%|███▍      | 8901/26000 [02:45<05:32, 51.46it/s] 34%|███▍      | 8907/26000 [02:45<05:34, 51.04it/s] 34%|███▍      | 8913/26000 [02:45<05:33, 51.23it/s] 34%|███▍      | 8919/26000 [02:45<05:32, 51.44it/s] 34%|███▍      | 8925/26000 [02:45<05:31, 51.53it/s] 34%|███▍      | 8931/26000 [02:45<05:28, 52.03it/s] 34%|███▍      | 8937/26000 [02:45<05:21, 53.08it/s] 34%|███▍      | 8943/26000 [02:45<05:26, 52.19it/s] 34%|███▍      | 8949/26000 [02:45<05:24, 52.53it/s] 34%|███▍      | 8955/26000 [02:46<05:29, 51.71it/s] 34%|███▍      | 8961/26000 [02:46<05:25, 52.38it/s] 34%|███▍      | 8967/26000 [02:46<05:16, 53.74it/s] 35%|███▍      | 8973/26000 [02:46<05:10, 54.79it/s] 35%|███▍      | 8979/26000 [02:46<05:09, 54.91it/s] 35%|███▍      | 8985/26000 [02:46<05:13, 54.36it/s] 35%|███▍      | 8991/26000 [02:46<05:13, 54.20it/s] 35%|███▍      | 8997/26000 [02:46<05:05, 55.67it/s] 35%|███▍      | 9003/26000 [02:46<05:09, 54.88it/s] 35%|███▍      | 9009/26000 [02:47<05:13, 54.20it/s] 35%|███▍      | 9015/26000 [02:47<05:15, 53.79it/s] 35%|███▍      | 9021/26000 [02:47<05:09, 54.88it/s] 35%|███▍      | 9027/26000 [02:47<05:11, 54.44it/s] 35%|███▍      | 9033/26000 [02:47<05:12, 54.30it/s] 35%|███▍      | 9039/26000 [02:47<05:13, 54.08it/s] 35%|███▍      | 9045/26000 [02:47<05:07, 55.19it/s] 35%|███▍      | 9051/26000 [02:47<05:05, 55.52it/s] 35%|███▍      | 9057/26000 [02:47<05:09, 54.82it/s] 35%|███▍      | 9063/26000 [02:48<05:16, 53.43it/s] 35%|███▍      | 9069/26000 [02:48<05:23, 52.39it/s] 35%|███▍      | 9075/26000 [02:48<05:26, 51.90it/s] 35%|███▍      | 9081/26000 [02:48<05:17, 53.32it/s] 35%|███▍      | 9087/26000 [02:48<05:17, 53.24it/s] 35%|███▍      | 9093/26000 [02:48<05:18, 53.08it/s] 35%|███▍      | 9099/26000 [02:48<05:21, 52.62it/s] 35%|███▌      | 9105/26000 [02:48<05:19, 52.90it/s] 35%|███▌      | 9111/26000 [02:48<05:16, 53.35it/s] 35%|███▌      | 9117/26000 [02:49<05:07, 54.95it/s] 35%|███▌      | 9123/26000 [02:49<05:03, 55.66it/s] 35%|███▌      | 9129/26000 [02:49<05:09, 54.47it/s] 35%|███▌      | 9135/26000 [02:49<05:10, 54.25it/s] 35%|███▌      | 9141/26000 [02:49<05:10, 54.27it/s] 35%|███▌      | 9147/26000 [02:49<05:18, 52.96it/s] 35%|███▌      | 9153/26000 [02:49<05:11, 54.05it/s] 35%|███▌      | 9159/26000 [02:49<05:13, 53.64it/s] 35%|███▌      | 9165/26000 [02:49<05:20, 52.51it/s] 35%|███▌      | 9171/26000 [02:50<05:22, 52.18it/s] 35%|███▌      | 9177/26000 [02:50<05:21, 52.34it/s] 35%|███▌      | 9183/26000 [02:50<05:21, 52.27it/s] 35%|███▌      | 9189/26000 [02:50<05:25, 51.68it/s] 35%|███▌      | 9195/26000 [02:50<05:26, 51.48it/s] 35%|███▌      | 9201/26000 [02:50<05:20, 52.45it/s] 35%|███▌      | 9207/26000 [02:50<05:21, 52.27it/s] 35%|███▌      | 9213/26000 [02:50<05:21, 52.25it/s] 35%|███▌      | 9219/26000 [02:51<05:13, 53.55it/s] 35%|███▌      | 9225/26000 [02:51<05:08, 54.30it/s] 36%|███▌      | 9231/26000 [02:51<05:07, 54.54it/s] 36%|███▌      | 9237/26000 [02:51<05:15, 53.10it/s] 36%|███▌      | 9243/26000 [02:51<05:16, 52.88it/s] 36%|███▌      | 9249/26000 [02:51<05:15, 53.02it/s] 36%|███▌      | 9255/26000 [02:51<05:19, 52.45it/s] 36%|███▌      | 9261/26000 [02:51<05:16, 52.86it/s] 36%|███▌      | 9267/26000 [02:51<05:11, 53.68it/s] 36%|███▌      | 9273/26000 [02:52<05:07, 54.33it/s] 36%|███▌      | 9279/26000 [02:52<05:03, 55.02it/s] 36%|███▌      | 9285/26000 [02:52<05:08, 54.16it/s] 36%|███▌      | 9291/26000 [02:52<05:01, 55.39it/s] 36%|███▌      | 9297/26000 [02:52<05:03, 55.09it/s] 36%|███▌      | 9304/26000 [02:52<04:53, 56.89it/s] 36%|███▌      | 9310/26000 [02:52<04:56, 56.21it/s] 36%|███▌      | 9316/26000 [02:52<05:05, 54.56it/s] 36%|███▌      | 9322/26000 [02:52<05:02, 55.15it/s] 36%|███▌      | 9328/26000 [02:53<05:09, 53.84it/s] 36%|███▌      | 9334/26000 [02:53<05:13, 53.22it/s] 36%|███▌      | 9340/26000 [02:53<05:17, 52.44it/s] 36%|███▌      | 9346/26000 [02:53<05:15, 52.73it/s] 36%|███▌      | 9352/26000 [02:53<05:14, 52.93it/s] 36%|███▌      | 9358/26000 [02:53<05:11, 53.44it/s] 36%|███▌      | 9364/26000 [02:53<05:08, 53.90it/s] 36%|███▌      | 9370/26000 [02:53<05:11, 53.32it/s] 36%|███▌      | 9376/26000 [02:53<05:11, 53.30it/s] 36%|███▌      | 9382/26000 [02:54<05:12, 53.17it/s] 36%|███▌      | 9388/26000 [02:54<05:14, 52.75it/s] 36%|███▌      | 9394/26000 [02:54<05:20, 51.80it/s] 36%|███▌      | 9400/26000 [02:54<05:21, 51.57it/s] 36%|███▌      | 9406/26000 [02:54<05:20, 51.73it/s] 36%|███▌      | 9412/26000 [02:54<05:18, 52.05it/s] 36%|███▌      | 9418/26000 [02:54<05:17, 52.24it/s] 36%|███▌      | 9424/26000 [02:54<05:17, 52.24it/s] 36%|███▋      | 9430/26000 [02:54<05:21, 51.57it/s] 36%|███▋      | 9436/26000 [02:55<05:16, 52.41it/s] 36%|███▋      | 9442/26000 [02:55<05:13, 52.77it/s] 36%|███▋      | 9448/26000 [02:55<05:18, 51.94it/s] 36%|███▋      | 9454/26000 [02:55<05:12, 52.91it/s] 36%|███▋      | 9460/26000 [02:55<05:12, 52.92it/s] 36%|███▋      | 9466/26000 [02:55<05:06, 53.95it/s] 36%|███▋      | 9472/26000 [02:55<05:03, 54.46it/s] 36%|███▋      | 9478/26000 [02:55<05:04, 54.18it/s] 36%|███▋      | 9484/26000 [02:55<04:58, 55.40it/s] 36%|███▋      | 9490/26000 [02:56<05:02, 54.65it/s] 37%|███▋      | 9496/26000 [02:56<05:06, 53.80it/s] 37%|███▋      | 9502/26000 [02:56<05:01, 54.80it/s] 37%|███▋      | 9508/26000 [02:56<05:03, 54.34it/s] 37%|███▋      | 9514/26000 [02:56<05:07, 53.68it/s] 37%|███▋      | 9520/26000 [02:56<05:10, 53.00it/s] 37%|███▋      | 9526/26000 [02:56<05:11, 52.88it/s] 37%|███▋      | 9532/26000 [02:56<05:13, 52.57it/s] 37%|███▋      | 9538/26000 [02:56<05:13, 52.59it/s] 37%|███▋      | 9544/26000 [02:57<05:12, 52.63it/s] 37%|███▋      | 9550/26000 [02:57<05:14, 52.35it/s] 37%|███▋      | 9556/26000 [02:57<05:12, 52.71it/s] 37%|███▋      | 9562/26000 [02:57<05:14, 52.26it/s] 37%|███▋      | 9568/26000 [02:57<05:12, 52.65it/s] 37%|███▋      | 9574/26000 [02:57<05:08, 53.29it/s] 37%|███▋      | 9580/26000 [02:57<05:01, 54.42it/s] 37%|███▋      | 9586/26000 [02:57<05:05, 53.77it/s] 37%|███▋      | 9592/26000 [02:58<05:06, 53.62it/s] 37%|███▋      | 9598/26000 [02:58<05:13, 52.40it/s] 37%|███▋      | 9605/26000 [02:58<04:55, 55.54it/s] 37%|███▋      | 9611/26000 [02:58<04:59, 54.71it/s] 37%|███▋      | 9617/26000 [02:58<05:00, 54.44it/s] 37%|███▋      | 9623/26000 [02:58<05:04, 53.72it/s] 37%|███▋      | 9629/26000 [02:58<05:05, 53.64it/s] 37%|███▋      | 9635/26000 [02:58<05:05, 53.53it/s] 37%|███▋      | 9641/26000 [02:58<05:07, 53.12it/s] 37%|███▋      | 9647/26000 [02:59<05:03, 53.87it/s] 37%|███▋      | 9653/26000 [02:59<05:00, 54.42it/s] 37%|███▋      | 9659/26000 [02:59<05:05, 53.53it/s] 37%|███▋      | 9665/26000 [02:59<04:56, 55.01it/s] 37%|███▋      | 9671/26000 [02:59<04:57, 54.94it/s] 37%|███▋      | 9677/26000 [02:59<05:01, 54.15it/s] 37%|███▋      | 9683/26000 [02:59<05:09, 52.75it/s] 37%|███▋      | 9689/26000 [02:59<05:09, 52.75it/s] 37%|███▋      | 9695/26000 [02:59<05:10, 52.51it/s] 37%|███▋      | 9701/26000 [03:00<05:11, 52.32it/s] 37%|███▋      | 9707/26000 [03:00<05:05, 53.27it/s] 37%|███▋      | 9713/26000 [03:00<05:06, 53.08it/s] 37%|███▋      | 9719/26000 [03:00<05:11, 52.35it/s] 37%|███▋      | 9725/26000 [03:00<05:13, 51.84it/s] 37%|███▋      | 9731/26000 [03:00<05:11, 52.26it/s] 37%|███▋      | 9737/26000 [03:00<05:05, 53.17it/s] 37%|███▋      | 9743/26000 [03:00<05:07, 52.89it/s] 37%|███▋      | 9749/26000 [03:00<05:07, 52.91it/s] 38%|███▊      | 9755/26000 [03:01<05:06, 53.04it/s] 38%|███▊      | 9761/26000 [03:01<05:06, 53.05it/s] 38%|███▊      | 9767/26000 [03:01<05:08, 52.67it/s] 38%|███▊      | 9773/26000 [03:01<05:04, 53.34it/s] 38%|███▊      | 9779/26000 [03:01<05:09, 52.34it/s] 38%|███▊      | 9785/26000 [03:01<05:13, 51.76it/s] 38%|███▊      | 9791/26000 [03:01<05:13, 51.77it/s] 38%|███▊      | 9797/26000 [03:01<05:03, 53.31it/s] 38%|███▊      | 9803/26000 [03:01<05:02, 53.49it/s] 38%|███▊      | 9809/26000 [03:02<05:00, 53.84it/s] 38%|███▊      | 9815/26000 [03:02<04:59, 54.04it/s] 38%|███▊      | 9821/26000 [03:02<04:56, 54.53it/s] 38%|███▊      | 9827/26000 [03:02<04:57, 54.34it/s] 38%|███▊      | 9833/26000 [03:02<04:54, 54.98it/s] 38%|███▊      | 9839/26000 [03:02<04:58, 54.10it/s] 38%|███▊      | 9845/26000 [03:02<05:00, 53.72it/s] 38%|███▊      | 9851/26000 [03:02<04:54, 54.75it/s] 38%|███▊      | 9857/26000 [03:02<04:52, 55.14it/s] 38%|███▊      | 9863/26000 [03:03<04:59, 53.85it/s] 38%|███▊      | 9869/26000 [03:03<05:05, 52.87it/s] 38%|███▊      | 9875/26000 [03:03<05:06, 52.64it/s] 38%|███▊      | 9881/26000 [03:03<05:08, 52.22it/s] 38%|███▊      | 9887/26000 [03:03<05:12, 51.64it/s] 38%|███▊      | 9893/26000 [03:03<05:10, 51.90it/s] 38%|███▊      | 9899/26000 [03:03<05:13, 51.34it/s] 38%|███▊      | 9905/26000 [03:03<05:07, 52.36it/s] 38%|███▊      | 9911/26000 [03:03<04:58, 53.98it/s] 38%|███▊      | 9917/26000 [03:04<04:57, 54.07it/s] 38%|███▊      | 9923/26000 [03:04<04:53, 54.78it/s] 38%|███▊      | 9929/26000 [03:04<04:57, 54.09it/s] 38%|███▊      | 9935/26000 [03:04<04:58, 53.77it/s] 38%|███▊      | 9941/26000 [03:04<05:04, 52.74it/s] 38%|███▊      | 9947/26000 [03:04<05:03, 52.88it/s] 38%|███▊      | 9953/26000 [03:04<05:04, 52.77it/s] 38%|███▊      | 9959/26000 [03:04<05:01, 53.28it/s] 38%|███▊      | 9965/26000 [03:05<05:05, 52.49it/s] 38%|███▊      | 9971/26000 [03:05<05:04, 52.71it/s] 38%|███▊      | 9977/26000 [03:05<05:04, 52.59it/s] 38%|███▊      | 9983/26000 [03:05<05:02, 53.03it/s] 38%|███▊      | 9989/26000 [03:05<05:05, 52.37it/s] 38%|███▊      | 9995/26000 [03:05<05:10, 51.48it/s] 38%|███▊      | 10002/26000 [03:05<04:56, 53.89it/s] 38%|███▊      | 10008/26000 [03:05<04:58, 53.54it/s] 39%|███▊      | 10014/26000 [03:05<05:01, 52.95it/s] 39%|███▊      | 10020/26000 [03:06<04:58, 53.55it/s] 39%|███▊      | 10026/26000 [03:06<05:03, 52.71it/s] 39%|███▊      | 10032/26000 [03:06<05:07, 51.87it/s] 39%|███▊      | 10038/26000 [03:06<05:10, 51.47it/s] 39%|███▊      | 10044/26000 [03:06<05:09, 51.53it/s] 39%|███▊      | 10050/26000 [03:06<05:01, 52.90it/s] 39%|███▊      | 10057/26000 [03:06<04:44, 56.11it/s] 39%|███▊      | 10063/26000 [03:06<04:42, 56.39it/s] 39%|███▊      | 10069/26000 [03:06<04:43, 56.20it/s] 39%|███▉      | 10075/26000 [03:07<04:48, 55.29it/s] 39%|███▉      | 10081/26000 [03:07<04:49, 55.06it/s] 39%|███▉      | 10087/26000 [03:07<04:45, 55.68it/s] 39%|███▉      | 10093/26000 [03:07<04:45, 55.62it/s] 39%|███▉      | 10099/26000 [03:07<04:46, 55.52it/s] 39%|███▉      | 10105/26000 [03:07<04:51, 54.60it/s] 39%|███▉      | 10111/26000 [03:07<04:56, 53.60it/s] 39%|███▉      | 10117/26000 [03:07<04:52, 54.22it/s] 39%|███▉      | 10123/26000 [03:07<04:53, 54.12it/s] 39%|███▉      | 10129/26000 [03:08<04:52, 54.31it/s] 39%|███▉      | 10135/26000 [03:08<04:46, 55.37it/s] 39%|███▉      | 10141/26000 [03:08<04:48, 54.89it/s] 39%|███▉      | 10147/26000 [03:08<04:48, 55.00it/s] 39%|███▉      | 10153/26000 [03:08<04:44, 55.78it/s] 39%|███▉      | 10159/26000 [03:08<04:47, 55.04it/s] 39%|███▉      | 10165/26000 [03:08<04:50, 54.48it/s] 39%|███▉      | 10171/26000 [03:08<04:58, 53.06it/s] 39%|███▉      | 10177/26000 [03:08<05:03, 52.20it/s] 39%|███▉      | 10183/26000 [03:09<05:06, 51.56it/s] 39%|███▉      | 10189/26000 [03:09<05:05, 51.69it/s] 39%|███▉      | 10195/26000 [03:09<05:03, 52.06it/s] 39%|███▉      | 10201/26000 [03:09<04:54, 53.56it/s] 39%|███▉      | 10207/26000 [03:09<04:54, 53.54it/s] 39%|███▉      | 10213/26000 [03:09<04:50, 54.33it/s] 39%|███▉      | 10219/26000 [03:09<04:46, 55.12it/s] 39%|███▉      | 10225/26000 [03:09<04:46, 55.11it/s] 39%|███▉      | 10231/26000 [03:09<04:48, 54.65it/s] 39%|███▉      | 10237/26000 [03:10<04:49, 54.49it/s] 39%|███▉      | 10243/26000 [03:10<04:50, 54.32it/s] 39%|███▉      | 10249/26000 [03:10<04:51, 53.96it/s] 39%|███▉      | 10255/26000 [03:10<04:54, 53.41it/s] 39%|███▉      | 10261/26000 [03:10<04:50, 54.14it/s] 39%|███▉      | 10267/26000 [03:10<04:45, 55.18it/s] 40%|███▉      | 10273/26000 [03:10<04:44, 55.27it/s] 40%|███▉      | 10279/26000 [03:10<04:48, 54.54it/s] 40%|███▉      | 10285/26000 [03:10<04:43, 55.35it/s] 40%|███▉      | 10291/26000 [03:11<04:44, 55.25it/s] 40%|███▉      | 10297/26000 [03:11<04:46, 54.79it/s] 40%|███▉      | 10303/26000 [03:11<04:48, 54.43it/s] 40%|███▉      | 10309/26000 [03:11<04:50, 53.98it/s] 40%|███▉      | 10315/26000 [03:11<04:56, 52.88it/s] 40%|███▉      | 10321/26000 [03:11<04:58, 52.60it/s] 40%|███▉      | 10327/26000 [03:11<04:56, 52.78it/s] 40%|███▉      | 10333/26000 [03:11<04:54, 53.22it/s] 40%|███▉      | 10339/26000 [03:11<04:56, 52.82it/s] 40%|███▉      | 10345/26000 [03:12<04:55, 52.92it/s] 40%|███▉      | 10351/26000 [03:12<04:54, 53.18it/s] 40%|███▉      | 10357/26000 [03:12<04:52, 53.48it/s] 40%|███▉      | 10364/26000 [03:12<04:42, 55.38it/s] 40%|███▉      | 10370/26000 [03:12<04:46, 54.50it/s] 40%|███▉      | 10376/26000 [03:12<04:52, 53.43it/s] 40%|███▉      | 10382/26000 [03:12<04:58, 52.31it/s] 40%|███▉      | 10388/26000 [03:12<05:02, 51.58it/s] 40%|███▉      | 10394/26000 [03:12<04:59, 52.15it/s] 40%|████      | 10400/26000 [03:13<05:02, 51.59it/s] 40%|████      | 10406/26000 [03:13<04:59, 51.99it/s] 40%|████      | 10412/26000 [03:13<04:56, 52.57it/s] 40%|████      | 10418/26000 [03:13<04:57, 52.37it/s] 40%|████      | 10424/26000 [03:13<04:52, 53.30it/s] 40%|████      | 10430/26000 [03:13<04:54, 52.91it/s] 40%|████      | 10436/26000 [03:13<04:49, 53.79it/s] 40%|████      | 10442/26000 [03:13<04:50, 53.57it/s] 40%|████      | 10448/26000 [03:13<04:47, 54.04it/s] 40%|████      | 10454/26000 [03:14<04:47, 54.11it/s] 40%|████      | 10460/26000 [03:14<04:45, 54.46it/s] 40%|████      | 10466/26000 [03:14<04:43, 54.88it/s] 40%|████      | 10472/26000 [03:14<04:40, 55.28it/s] 40%|████      | 10478/26000 [03:14<04:44, 54.60it/s] 40%|████      | 10484/26000 [03:14<04:40, 55.36it/s] 40%|████      | 10490/26000 [03:14<04:43, 54.73it/s] 40%|████      | 10496/26000 [03:14<04:41, 55.08it/s] 40%|████      | 10502/26000 [03:14<04:37, 55.81it/s] 40%|████      | 10508/26000 [03:15<04:38, 55.60it/s] 40%|████      | 10514/26000 [03:15<04:35, 56.28it/s] 40%|████      | 10520/26000 [03:15<04:41, 55.04it/s] 40%|████      | 10526/26000 [03:15<04:37, 55.72it/s] 41%|████      | 10532/26000 [03:15<04:47, 53.71it/s] 41%|████      | 10538/26000 [03:15<04:51, 52.99it/s] 41%|████      | 10544/26000 [03:15<04:50, 53.26it/s] 41%|████      | 10550/26000 [03:15<04:47, 53.81it/s] 41%|████      | 10556/26000 [03:15<04:48, 53.53it/s] 41%|████      | 10562/26000 [03:16<04:42, 54.72it/s] 41%|████      | 10568/26000 [03:16<04:43, 54.39it/s] 41%|████      | 10574/26000 [03:16<04:49, 53.30it/s] 41%|████      | 10580/26000 [03:16<04:49, 53.24it/s] 41%|████      | 10586/26000 [03:16<04:48, 53.48it/s] 41%|████      | 10592/26000 [03:16<04:42, 54.58it/s] 41%|████      | 10598/26000 [03:16<04:44, 54.22it/s] 41%|████      | 10604/26000 [03:16<04:39, 55.00it/s] 41%|████      | 10610/26000 [03:16<04:40, 54.89it/s] 41%|████      | 10616/26000 [03:17<04:40, 54.91it/s] 41%|████      | 10622/26000 [03:17<04:40, 54.89it/s] 41%|████      | 10628/26000 [03:17<04:41, 54.63it/s] 41%|████      | 10634/26000 [03:17<04:41, 54.58it/s] 41%|████      | 10640/26000 [03:17<04:40, 54.80it/s] 41%|████      | 10646/26000 [03:17<04:38, 55.17it/s] 41%|████      | 10652/26000 [03:17<04:34, 55.94it/s] 41%|████      | 10658/26000 [03:17<04:39, 54.81it/s] 41%|████      | 10664/26000 [03:17<04:39, 54.79it/s] 41%|████      | 10670/26000 [03:18<04:45, 53.78it/s] 41%|████      | 10676/26000 [03:18<04:51, 52.55it/s] 41%|████      | 10682/26000 [03:18<04:55, 51.81it/s] 41%|████      | 10688/26000 [03:18<04:57, 51.44it/s] 41%|████      | 10694/26000 [03:18<04:48, 53.03it/s] 41%|████      | 10700/26000 [03:18<04:45, 53.62it/s] 41%|████      | 10706/26000 [03:18<04:46, 53.38it/s] 41%|████      | 10712/26000 [03:18<04:49, 52.85it/s] 41%|████      | 10718/26000 [03:18<04:43, 53.98it/s] 41%|████      | 10724/26000 [03:19<04:39, 54.69it/s] 41%|████▏     | 10730/26000 [03:19<04:36, 55.29it/s] 41%|████▏     | 10736/26000 [03:19<04:38, 54.89it/s] 41%|████▏     | 10742/26000 [03:19<04:31, 56.20it/s] 41%|████▏     | 10748/26000 [03:19<04:32, 55.93it/s] 41%|████▏     | 10754/26000 [03:19<04:34, 55.49it/s] 41%|████▏     | 10760/26000 [03:19<04:32, 55.89it/s] 41%|████▏     | 10766/26000 [03:19<04:34, 55.45it/s] 41%|████▏     | 10772/26000 [03:19<04:41, 54.15it/s] 41%|████▏     | 10778/26000 [03:20<04:43, 53.72it/s] 41%|████▏     | 10784/26000 [03:20<04:39, 54.52it/s] 42%|████▏     | 10790/26000 [03:20<04:37, 54.76it/s] 42%|████▏     | 10796/26000 [03:20<04:41, 53.93it/s] 42%|████▏     | 10802/26000 [03:20<04:43, 53.59it/s] 42%|████▏     | 10808/26000 [03:20<04:42, 53.71it/s] 42%|████▏     | 10815/26000 [03:20<04:30, 56.05it/s] 42%|████▏     | 10821/26000 [03:20<04:34, 55.24it/s] 42%|████▏     | 10827/26000 [03:20<04:32, 55.66it/s] 42%|████▏     | 10833/26000 [03:21<04:35, 55.10it/s] 42%|████▏     | 10839/26000 [03:21<04:42, 53.76it/s] 42%|████▏     | 10846/26000 [03:21<04:33, 55.44it/s] 42%|████▏     | 10852/26000 [03:21<04:37, 54.65it/s] 42%|████▏     | 10858/26000 [03:21<04:39, 54.24it/s] 42%|████▏     | 10864/26000 [03:21<04:40, 53.94it/s] 42%|████▏     | 10870/26000 [03:21<04:40, 53.91it/s] 42%|████▏     | 10876/26000 [03:21<04:43, 53.35it/s] 42%|████▏     | 10882/26000 [03:21<04:40, 53.96it/s] 42%|████▏     | 10888/26000 [03:22<04:36, 54.66it/s] 42%|████▏     | 10894/26000 [03:22<04:38, 54.31it/s] 42%|████▏     | 10900/26000 [03:22<04:35, 54.84it/s] 42%|████▏     | 10906/26000 [03:22<04:31, 55.54it/s] 42%|████▏     | 10912/26000 [03:22<04:30, 55.71it/s] 42%|████▏     | 10918/26000 [03:22<04:32, 55.42it/s] 42%|████▏     | 10924/26000 [03:22<04:35, 54.77it/s] 42%|████▏     | 10930/26000 [03:22<04:35, 54.72it/s] 42%|████▏     | 10936/26000 [03:22<04:35, 54.64it/s] 42%|████▏     | 10942/26000 [03:23<04:37, 54.32it/s] 42%|████▏     | 10948/26000 [03:23<04:39, 53.82it/s] 42%|████▏     | 10954/26000 [03:23<04:39, 53.77it/s] 42%|████▏     | 10960/26000 [03:23<04:35, 54.68it/s] 42%|████▏     | 10966/26000 [03:23<04:38, 53.92it/s] 42%|████▏     | 10972/26000 [03:23<04:33, 55.04it/s] 42%|████▏     | 10978/26000 [03:23<04:33, 54.91it/s] 42%|████▏     | 10985/26000 [03:23<04:21, 57.41it/s] 42%|████▏     | 10991/26000 [03:23<04:29, 55.62it/s] 42%|████▏     | 10997/26000 [03:24<04:36, 54.34it/s] 42%|████▏     | 11003/26000 [03:24<04:39, 53.72it/s] 42%|████▏     | 11009/26000 [03:24<04:36, 54.30it/s] 42%|████▏     | 11015/26000 [03:24<04:31, 55.27it/s] 42%|████▏     | 11021/26000 [03:24<04:35, 54.31it/s] 42%|████▏     | 11027/26000 [03:24<04:41, 53.16it/s] 42%|████▏     | 11033/26000 [03:24<04:44, 52.57it/s] 42%|████▏     | 11039/26000 [03:24<04:48, 51.94it/s] 42%|████▏     | 11045/26000 [03:24<04:42, 52.89it/s] 43%|████▎     | 11051/26000 [03:25<04:43, 52.77it/s] 43%|████▎     | 11057/26000 [03:25<04:41, 53.04it/s] 43%|████▎     | 11063/26000 [03:25<04:43, 52.71it/s] 43%|████▎     | 11069/26000 [03:25<04:40, 53.18it/s] 43%|████▎     | 11075/26000 [03:25<04:38, 53.57it/s] 43%|████▎     | 11081/26000 [03:25<04:35, 54.19it/s] 43%|████▎     | 11087/26000 [03:25<04:33, 54.56it/s] 43%|████▎     | 11093/26000 [03:25<04:34, 54.29it/s] 43%|████▎     | 11099/26000 [03:25<04:38, 53.41it/s] 43%|████▎     | 11105/26000 [03:26<04:39, 53.25it/s] 43%|████▎     | 11111/26000 [03:26<04:43, 52.48it/s] 43%|████▎     | 11117/26000 [03:26<04:45, 52.19it/s] 43%|████▎     | 11123/26000 [03:26<04:36, 53.81it/s] 43%|████▎     | 11129/26000 [03:26<04:33, 54.33it/s] 43%|████▎     | 11135/26000 [03:26<04:30, 55.00it/s] 43%|████▎     | 11141/26000 [03:26<04:32, 54.60it/s] 43%|████▎     | 11147/26000 [03:26<04:34, 54.09it/s] 43%|████▎     | 11153/26000 [03:26<04:40, 52.95it/s] 43%|████▎     | 11159/26000 [03:27<04:45, 52.07it/s] 43%|████▎     | 11165/26000 [03:27<04:48, 51.50it/s] 43%|████▎     | 11171/26000 [03:27<04:50, 51.07it/s] 43%|████▎     | 11177/26000 [03:27<04:42, 52.43it/s] 43%|████▎     | 11183/26000 [03:27<04:36, 53.68it/s] 43%|████▎     | 11189/26000 [03:27<04:34, 53.89it/s] 43%|████▎     | 11195/26000 [03:27<04:36, 53.59it/s] 43%|████▎     | 11201/26000 [03:27<04:41, 52.61it/s] 43%|████▎     | 11207/26000 [03:28<04:39, 52.89it/s] 43%|████▎     | 11213/26000 [03:28<04:40, 52.69it/s] 43%|████▎     | 11219/26000 [03:28<04:43, 52.10it/s] 43%|████▎     | 11225/26000 [03:28<04:47, 51.40it/s] 43%|████▎     | 11231/26000 [03:28<04:48, 51.18it/s] 43%|████▎     | 11237/26000 [03:28<04:41, 52.41it/s] 43%|████▎     | 11243/26000 [03:28<04:40, 52.58it/s] 43%|████▎     | 11249/26000 [03:28<04:39, 52.84it/s] 43%|████▎     | 11255/26000 [03:28<04:41, 52.41it/s] 43%|████▎     | 11261/26000 [03:29<04:41, 52.29it/s] 43%|████▎     | 11267/26000 [03:29<04:42, 52.23it/s] 43%|████▎     | 11273/26000 [03:29<04:37, 53.01it/s] 43%|████▎     | 11279/26000 [03:29<04:38, 52.85it/s] 43%|████▎     | 11285/26000 [03:29<04:32, 54.04it/s] 43%|████▎     | 11291/26000 [03:29<04:36, 53.22it/s] 43%|████▎     | 11297/26000 [03:29<04:33, 53.70it/s] 43%|████▎     | 11303/26000 [03:29<04:38, 52.79it/s] 43%|████▎     | 11309/26000 [03:29<04:40, 52.33it/s] 44%|████▎     | 11315/26000 [03:30<04:38, 52.75it/s] 44%|████▎     | 11321/26000 [03:30<04:39, 52.60it/s] 44%|████▎     | 11327/26000 [03:30<04:43, 51.82it/s] 44%|████▎     | 11333/26000 [03:30<04:45, 51.41it/s] 44%|████▎     | 11339/26000 [03:30<04:42, 51.84it/s] 44%|████▎     | 11345/26000 [03:30<04:44, 51.50it/s] 44%|████▎     | 11351/26000 [03:30<04:42, 51.91it/s] 44%|████▎     | 11357/26000 [03:30<04:38, 52.53it/s] 44%|████▎     | 11363/26000 [03:30<04:35, 53.21it/s] 44%|████▎     | 11369/26000 [03:31<04:37, 52.77it/s] 44%|████▍     | 11375/26000 [03:31<04:34, 53.35it/s] 44%|████▍     | 11381/26000 [03:31<04:27, 54.60it/s] 44%|████▍     | 11387/26000 [03:31<04:29, 54.28it/s] 44%|████▍     | 11393/26000 [03:31<04:28, 54.38it/s] 44%|████▍     | 11399/26000 [03:31<04:29, 54.27it/s] 44%|████▍     | 11405/26000 [03:31<04:28, 54.43it/s] 44%|████▍     | 11411/26000 [03:31<04:26, 54.77it/s] 44%|████▍     | 11417/26000 [03:31<04:25, 54.94it/s] 44%|████▍     | 11423/26000 [03:32<04:23, 55.36it/s] 44%|████▍     | 11429/26000 [03:32<04:30, 53.90it/s] 44%|████▍     | 11435/26000 [03:32<04:36, 52.70it/s] 44%|████▍     | 11441/26000 [03:32<04:39, 52.03it/s] 44%|████▍     | 11447/26000 [03:32<04:40, 51.93it/s] 44%|████▍     | 11453/26000 [03:32<04:41, 51.70it/s] 44%|████▍     | 11459/26000 [03:32<04:38, 52.19it/s] 44%|████▍     | 11465/26000 [03:32<04:36, 52.48it/s] 44%|████▍     | 11471/26000 [03:32<04:30, 53.66it/s] 44%|████▍     | 11477/26000 [03:33<04:31, 53.55it/s] 44%|████▍     | 11483/26000 [03:33<04:33, 53.03it/s] 44%|████▍     | 11489/26000 [03:33<04:37, 52.35it/s] 44%|████▍     | 11495/26000 [03:33<04:39, 51.82it/s] 44%|████▍     | 11501/26000 [03:33<04:36, 52.40it/s] 44%|████▍     | 11507/26000 [03:33<04:33, 53.03it/s] 44%|████▍     | 11513/26000 [03:33<04:28, 53.91it/s] 44%|████▍     | 11519/26000 [03:33<04:29, 53.66it/s] 44%|████▍     | 11525/26000 [03:34<04:24, 54.67it/s] 44%|████▍     | 11531/26000 [03:34<04:21, 55.25it/s] 44%|████▍     | 11537/26000 [03:34<04:22, 55.10it/s] 44%|████▍     | 11543/26000 [03:34<04:24, 54.73it/s] 44%|████▍     | 11549/26000 [03:34<04:20, 55.51it/s] 44%|████▍     | 11555/26000 [03:34<04:20, 55.49it/s] 44%|████▍     | 11561/26000 [03:34<04:17, 56.14it/s] 44%|████▍     | 11567/26000 [03:34<04:21, 55.20it/s] 45%|████▍     | 11573/26000 [03:34<04:18, 55.78it/s] 45%|████▍     | 11579/26000 [03:34<04:24, 54.60it/s] 45%|████▍     | 11585/26000 [03:35<04:24, 54.52it/s] 45%|████▍     | 11591/26000 [03:35<04:25, 54.27it/s] 45%|████▍     | 11597/26000 [03:35<04:25, 54.23it/s] 45%|████▍     | 11603/26000 [03:35<04:24, 54.48it/s] 45%|████▍     | 11609/26000 [03:35<04:21, 54.95it/s] 45%|████▍     | 11615/26000 [03:35<04:23, 54.51it/s] 45%|████▍     | 11621/26000 [03:35<04:28, 53.54it/s] 45%|████▍     | 11627/26000 [03:35<04:30, 53.08it/s] 45%|████▍     | 11633/26000 [03:35<04:28, 53.60it/s] 45%|████▍     | 11639/26000 [03:36<04:28, 53.51it/s] 45%|████▍     | 11645/26000 [03:36<04:28, 53.38it/s] 45%|████▍     | 11651/26000 [03:36<04:28, 53.54it/s] 45%|████▍     | 11657/26000 [03:36<04:29, 53.15it/s] 45%|████▍     | 11663/26000 [03:36<04:29, 53.24it/s] 45%|████▍     | 11669/26000 [03:36<04:26, 53.73it/s] 45%|████▍     | 11675/26000 [03:36<04:33, 52.41it/s] 45%|████▍     | 11681/26000 [03:36<04:37, 51.62it/s] 45%|████▍     | 11687/26000 [03:37<04:38, 51.39it/s] 45%|████▍     | 11693/26000 [03:37<04:31, 52.63it/s] 45%|████▍     | 11699/26000 [03:37<04:27, 53.48it/s] 45%|████▌     | 11705/26000 [03:37<04:27, 53.45it/s] 45%|████▌     | 11711/26000 [03:37<04:27, 53.49it/s] 45%|████▌     | 11717/26000 [03:37<04:22, 54.51it/s] 45%|████▌     | 11723/26000 [03:37<04:22, 54.45it/s] 45%|████▌     | 11729/26000 [03:37<04:27, 53.30it/s] 45%|████▌     | 11735/26000 [03:37<04:31, 52.58it/s] 45%|████▌     | 11741/26000 [03:38<04:29, 52.83it/s] 45%|████▌     | 11747/26000 [03:38<04:23, 54.03it/s] 45%|████▌     | 11753/26000 [03:38<04:26, 53.53it/s] 45%|████▌     | 11759/26000 [03:38<04:30, 52.60it/s] 45%|████▌     | 11765/26000 [03:38<04:34, 51.78it/s] 45%|████▌     | 11771/26000 [03:38<04:32, 52.26it/s] 45%|████▌     | 11777/26000 [03:38<04:33, 52.05it/s] 45%|████▌     | 11783/26000 [03:38<04:33, 52.02it/s] 45%|████▌     | 11789/26000 [03:38<04:34, 51.71it/s] 45%|████▌     | 11795/26000 [03:39<04:28, 52.84it/s] 45%|████▌     | 11801/26000 [03:39<04:31, 52.36it/s] 45%|████▌     | 11807/26000 [03:39<04:35, 51.56it/s] 45%|████▌     | 11813/26000 [03:39<04:35, 51.43it/s] 45%|████▌     | 11819/26000 [03:39<04:34, 51.73it/s] 45%|████▌     | 11825/26000 [03:39<04:24, 53.56it/s] 46%|████▌     | 11831/26000 [03:39<04:25, 53.46it/s] 46%|████▌     | 11837/26000 [03:39<04:26, 53.18it/s] 46%|████▌     | 11843/26000 [03:39<04:26, 53.07it/s] 46%|████▌     | 11849/26000 [03:40<04:31, 52.04it/s] 46%|████▌     | 11855/26000 [03:40<04:34, 51.47it/s] 46%|████▌     | 11861/26000 [03:40<04:32, 51.82it/s] 46%|████▌     | 11867/26000 [03:40<04:33, 51.67it/s] 46%|████▌     | 11873/26000 [03:40<04:33, 51.70it/s] 46%|████▌     | 11879/26000 [03:40<04:36, 51.15it/s] 46%|████▌     | 11885/26000 [03:40<04:28, 52.49it/s] 46%|████▌     | 11891/26000 [03:40<04:25, 53.23it/s] 46%|████▌     | 11897/26000 [03:40<04:24, 53.40it/s] 46%|████▌     | 11903/26000 [03:41<04:26, 52.86it/s] 46%|████▌     | 11909/26000 [03:41<04:29, 52.35it/s] 46%|████▌     | 11915/26000 [03:41<04:26, 52.82it/s] 46%|████▌     | 11921/26000 [03:41<04:25, 53.08it/s] 46%|████▌     | 11927/26000 [03:41<04:31, 51.84it/s] 46%|████▌     | 11933/26000 [03:41<04:34, 51.32it/s] 46%|████▌     | 11939/26000 [03:41<04:30, 52.07it/s] 46%|████▌     | 11945/26000 [03:41<04:25, 52.93it/s] 46%|████▌     | 11951/26000 [03:42<04:24, 53.16it/s] 46%|████▌     | 11957/26000 [03:42<04:23, 53.22it/s] 46%|████▌     | 11963/26000 [03:42<04:25, 52.95it/s] 46%|████▌     | 11969/26000 [03:42<04:27, 52.52it/s] 46%|████▌     | 11975/26000 [03:42<04:32, 51.54it/s] 46%|████▌     | 11981/26000 [03:42<04:33, 51.22it/s] 46%|████▌     | 11987/26000 [03:42<04:33, 51.21it/s] 46%|████▌     | 11993/26000 [03:42<04:30, 51.84it/s] 46%|████▌     | 11999/26000 [03:42<04:29, 51.92it/s] 46%|████▌     | 12005/26000 [03:43<04:31, 51.48it/s] 46%|████▌     | 12011/26000 [03:43<04:31, 51.57it/s] 46%|████▌     | 12017/26000 [03:43<04:32, 51.31it/s] 46%|████▌     | 12023/26000 [03:43<04:32, 51.26it/s] 46%|████▋     | 12029/26000 [03:43<04:28, 52.11it/s] 46%|████▋     | 12035/26000 [03:43<04:21, 53.42it/s] 46%|████▋     | 12041/26000 [03:43<04:22, 53.08it/s] 46%|████▋     | 12047/26000 [03:43<04:16, 54.39it/s] 46%|████▋     | 12053/26000 [03:43<04:16, 54.42it/s] 46%|████▋     | 12059/26000 [03:44<04:14, 54.78it/s] 46%|████▋     | 12065/26000 [03:44<04:14, 54.70it/s] 46%|████▋     | 12071/26000 [03:44<04:16, 54.29it/s] 46%|████▋     | 12077/26000 [03:44<04:18, 53.89it/s] 46%|████▋     | 12083/26000 [03:44<04:20, 53.50it/s] 46%|████▋     | 12089/26000 [03:44<04:18, 53.89it/s] 47%|████▋     | 12095/26000 [03:44<04:23, 52.69it/s] 47%|████▋     | 12101/26000 [03:44<04:25, 52.32it/s] 47%|████▋     | 12107/26000 [03:44<04:22, 52.83it/s] 47%|████▋     | 12113/26000 [03:45<04:21, 53.16it/s] 47%|████▋     | 12119/26000 [03:45<04:19, 53.47it/s] 47%|████▋     | 12125/26000 [03:45<04:21, 53.07it/s] 47%|████▋     | 12131/26000 [03:45<04:20, 53.17it/s] 47%|████▋     | 12137/26000 [03:45<04:15, 54.32it/s] 47%|████▋     | 12143/26000 [03:45<04:18, 53.58it/s] 47%|████▋     | 12149/26000 [03:45<04:24, 52.45it/s] 47%|████▋     | 12155/26000 [03:45<04:21, 52.86it/s] 47%|████▋     | 12161/26000 [03:45<04:16, 53.98it/s] 47%|████▋     | 12167/26000 [03:46<04:13, 54.63it/s] 47%|████▋     | 12173/26000 [03:46<04:18, 53.56it/s] 47%|████▋     | 12179/26000 [03:46<04:21, 52.81it/s] 47%|████▋     | 12186/26000 [03:46<04:11, 54.89it/s] 47%|████▋     | 12192/26000 [03:46<04:15, 54.01it/s] 47%|████▋     | 12198/26000 [03:46<04:18, 53.39it/s] 47%|████▋     | 12204/26000 [03:46<04:14, 54.12it/s] 47%|████▋     | 12210/26000 [03:46<04:16, 53.71it/s] 47%|████▋     | 12216/26000 [03:47<04:14, 54.11it/s] 47%|████▋     | 12222/26000 [03:47<04:15, 53.97it/s] 47%|████▋     | 12228/26000 [03:47<04:14, 54.21it/s] 47%|████▋     | 12234/26000 [03:47<04:18, 53.17it/s] 47%|████▋     | 12240/26000 [03:47<04:23, 52.23it/s] 47%|████▋     | 12246/26000 [03:47<04:25, 51.81it/s] 47%|████▋     | 12252/26000 [03:47<04:20, 52.82it/s] 47%|████▋     | 12258/26000 [03:47<04:22, 52.32it/s] 47%|████▋     | 12264/26000 [03:47<04:26, 51.48it/s] 47%|████▋     | 12270/26000 [03:48<04:28, 51.06it/s] 47%|████▋     | 12276/26000 [03:48<04:30, 50.75it/s] 47%|████▋     | 12282/26000 [03:48<04:30, 50.77it/s] 47%|████▋     | 12288/26000 [03:48<04:23, 52.03it/s] 47%|████▋     | 12294/26000 [03:48<04:25, 51.65it/s] 47%|████▋     | 12300/26000 [03:48<04:23, 52.05it/s] 47%|████▋     | 12306/26000 [03:48<04:16, 53.37it/s] 47%|████▋     | 12312/26000 [03:48<04:18, 52.97it/s] 47%|████▋     | 12318/26000 [03:48<04:21, 52.33it/s] 47%|████▋     | 12324/26000 [03:49<04:20, 52.55it/s] 47%|████▋     | 12330/26000 [03:49<04:22, 52.02it/s] 47%|████▋     | 12336/26000 [03:49<04:25, 51.53it/s] 47%|████▋     | 12342/26000 [03:49<04:23, 51.82it/s] 47%|████▋     | 12348/26000 [03:49<04:23, 51.73it/s] 48%|████▊     | 12354/26000 [03:49<04:18, 52.87it/s] 48%|████▊     | 12360/26000 [03:49<04:17, 52.93it/s] 48%|████▊     | 12366/26000 [03:49<04:12, 53.94it/s] 48%|████▊     | 12372/26000 [03:49<04:15, 53.39it/s] 48%|████▊     | 12378/26000 [03:50<04:15, 53.27it/s] 48%|████▊     | 12384/26000 [03:50<04:13, 53.78it/s] 48%|████▊     | 12390/26000 [03:50<04:11, 54.03it/s] 48%|████▊     | 12396/26000 [03:50<04:16, 53.14it/s] 48%|████▊     | 12402/26000 [03:50<04:17, 52.88it/s] 48%|████▊     | 12408/26000 [03:50<04:18, 52.54it/s] 48%|████▊     | 12414/26000 [03:50<04:18, 52.47it/s] 48%|████▊     | 12420/26000 [03:50<04:17, 52.83it/s] 48%|████▊     | 12426/26000 [03:51<04:19, 52.38it/s] 48%|████▊     | 12432/26000 [03:51<04:21, 51.88it/s] 48%|████▊     | 12438/26000 [03:51<04:17, 52.70it/s] 48%|████▊     | 12444/26000 [03:51<04:15, 53.00it/s] 48%|████▊     | 12450/26000 [03:51<04:12, 53.66it/s] 48%|████▊     | 12456/26000 [03:51<04:14, 53.30it/s] 48%|████▊     | 12462/26000 [03:51<04:16, 52.72it/s] 48%|████▊     | 12468/26000 [03:51<04:18, 52.25it/s] 48%|████▊     | 12474/26000 [03:51<04:20, 51.93it/s] 48%|████▊     | 12480/26000 [03:52<04:22, 51.45it/s] 48%|████▊     | 12486/26000 [03:52<04:20, 51.95it/s] 48%|████▊     | 12492/26000 [03:52<04:10, 53.90it/s] 48%|████▊     | 12498/26000 [03:52<04:07, 54.56it/s] 48%|████▊     | 12504/26000 [03:52<04:12, 53.36it/s] 48%|████▊     | 12510/26000 [03:52<04:18, 52.21it/s] 48%|████▊     | 12516/26000 [03:52<04:16, 52.53it/s] 48%|████▊     | 12522/26000 [03:52<04:19, 51.93it/s] 48%|████▊     | 12528/26000 [03:52<04:22, 51.27it/s] 48%|████▊     | 12534/26000 [03:53<04:21, 51.45it/s] 48%|████▊     | 12540/26000 [03:53<04:17, 52.32it/s] 48%|████▊     | 12546/26000 [03:53<04:19, 51.93it/s] 48%|████▊     | 12552/26000 [03:53<04:22, 51.26it/s] 48%|████▊     | 12558/26000 [03:53<04:24, 50.91it/s] 48%|████▊     | 12564/26000 [03:53<04:22, 51.18it/s] 48%|████▊     | 12570/26000 [03:53<04:18, 52.01it/s] 48%|████▊     | 12576/26000 [03:53<04:19, 51.65it/s] 48%|████▊     | 12582/26000 [03:54<04:19, 51.76it/s] 48%|████▊     | 12588/26000 [03:54<04:19, 51.68it/s] 48%|████▊     | 12594/26000 [03:54<04:20, 51.41it/s] 48%|████▊     | 12600/26000 [03:54<04:20, 51.45it/s] 48%|████▊     | 12606/26000 [03:54<04:20, 51.45it/s] 49%|████▊     | 12612/26000 [03:54<04:19, 51.53it/s] 49%|████▊     | 12618/26000 [03:54<04:19, 51.48it/s] 49%|████▊     | 12624/26000 [03:54<04:22, 51.01it/s] 49%|████▊     | 12630/26000 [03:54<04:16, 52.12it/s] 49%|████▊     | 12636/26000 [03:55<04:14, 52.58it/s] 49%|████▊     | 12642/26000 [03:55<04:11, 53.06it/s] 49%|████▊     | 12648/26000 [03:55<04:09, 53.49it/s] 49%|████▊     | 12654/26000 [03:55<04:11, 53.16it/s] 49%|████▊     | 12660/26000 [03:55<04:15, 52.25it/s] 49%|████▊     | 12666/26000 [03:55<04:14, 52.43it/s] 49%|████▊     | 12672/26000 [03:55<04:06, 54.04it/s] 49%|████▉     | 12678/26000 [03:55<04:06, 54.11it/s] 49%|████▉     | 12684/26000 [03:55<04:10, 53.25it/s] 49%|████▉     | 12690/26000 [03:56<04:14, 52.32it/s] 49%|████▉     | 12696/26000 [03:56<04:15, 52.09it/s] 49%|████▉     | 12702/26000 [03:56<04:16, 51.94it/s] 49%|████▉     | 12708/26000 [03:56<04:18, 51.48it/s] 49%|████▉     | 12714/26000 [03:56<04:17, 51.54it/s] 49%|████▉     | 12720/26000 [03:56<04:14, 52.21it/s] 49%|████▉     | 12726/26000 [03:56<04:11, 52.74it/s] 49%|████▉     | 12732/26000 [03:56<04:14, 52.09it/s] 49%|████▉     | 12738/26000 [03:56<04:17, 51.47it/s] 49%|████▉     | 12744/26000 [03:57<04:18, 51.22it/s] 49%|████▉     | 12750/26000 [03:57<04:13, 52.26it/s] 49%|████▉     | 12756/26000 [03:57<04:13, 52.15it/s] 49%|████▉     | 12762/26000 [03:57<04:16, 51.60it/s] 49%|████▉     | 12768/26000 [03:57<04:16, 51.61it/s] 49%|████▉     | 12774/26000 [03:57<04:13, 52.27it/s] 49%|████▉     | 12780/26000 [03:57<04:12, 52.29it/s] 49%|████▉     | 12786/26000 [03:57<04:15, 51.75it/s] 49%|████▉     | 12792/26000 [03:58<04:10, 52.82it/s] 49%|████▉     | 12798/26000 [03:58<04:12, 52.28it/s] 49%|████▉     | 12804/26000 [03:58<04:13, 51.98it/s] 49%|████▉     | 12810/26000 [03:58<04:10, 52.65it/s] 49%|████▉     | 12816/26000 [03:58<04:11, 52.47it/s] 49%|████▉     | 12822/26000 [03:58<04:14, 51.88it/s] 49%|████▉     | 12828/26000 [03:58<04:13, 51.89it/s] 49%|████▉     | 12834/26000 [03:58<04:07, 53.26it/s] 49%|████▉     | 12840/26000 [03:58<04:09, 52.84it/s] 49%|████▉     | 12846/26000 [03:59<04:05, 53.56it/s] 49%|████▉     | 12852/26000 [03:59<04:08, 52.91it/s] 49%|████▉     | 12858/26000 [03:59<04:05, 53.44it/s] 49%|████▉     | 12864/26000 [03:59<04:02, 54.16it/s] 50%|████▉     | 12870/26000 [03:59<04:03, 53.86it/s] 50%|████▉     | 12876/26000 [03:59<03:58, 54.95it/s] 50%|████▉     | 12882/26000 [03:59<04:00, 54.46it/s] 50%|████▉     | 12888/26000 [03:59<04:03, 53.83it/s] 50%|████▉     | 12894/26000 [03:59<04:03, 53.72it/s] 50%|████▉     | 12900/26000 [04:00<04:09, 52.59it/s] 50%|████▉     | 12906/26000 [04:00<04:10, 52.19it/s] 50%|████▉     | 12912/26000 [04:00<04:08, 52.67it/s] 50%|████▉     | 12918/26000 [04:00<04:04, 53.46it/s] 50%|████▉     | 12924/26000 [04:00<04:01, 54.14it/s] 50%|████▉     | 12930/26000 [04:00<03:55, 55.47it/s] 50%|████▉     | 12936/26000 [04:00<03:51, 56.51it/s] 50%|████▉     | 12942/26000 [04:00<03:55, 55.38it/s] 50%|████▉     | 12948/26000 [04:00<03:58, 54.76it/s] 50%|████▉     | 12954/26000 [04:01<03:56, 55.16it/s] 50%|████▉     | 12960/26000 [04:01<04:01, 53.95it/s] 50%|████▉     | 12966/26000 [04:01<04:04, 53.34it/s] 50%|████▉     | 12972/26000 [04:01<04:03, 53.45it/s] 50%|████▉     | 12978/26000 [04:01<04:00, 54.10it/s] 50%|████▉     | 12984/26000 [04:01<04:02, 53.77it/s] 50%|████▉     | 12990/26000 [04:01<03:59, 54.36it/s] 50%|████▉     | 12996/26000 [04:01<04:01, 53.90it/s] 50%|█████     | 13002/26000 [04:01<04:01, 53.86it/s] 50%|█████     | 13008/26000 [04:02<04:02, 53.50it/s] 50%|█████     | 13014/26000 [04:02<04:01, 53.81it/s] 50%|█████     | 13020/26000 [04:02<04:02, 53.52it/s] 50%|█████     | 13026/26000 [04:02<03:59, 54.21it/s] 50%|█████     | 13032/26000 [04:02<03:55, 54.99it/s] 50%|█████     | 13038/26000 [04:02<03:52, 55.77it/s] 50%|█████     | 13044/26000 [04:02<03:52, 55.61it/s] 50%|█████     | 13050/26000 [04:02<03:53, 55.54it/s] 50%|█████     | 13056/26000 [04:02<03:58, 54.33it/s] 50%|█████     | 13062/26000 [04:03<03:55, 54.85it/s] 50%|█████     | 13068/26000 [04:03<04:00, 53.80it/s] 50%|█████     | 13074/26000 [04:03<04:00, 53.72it/s] 50%|█████     | 13080/26000 [04:03<03:57, 54.48it/s] 50%|█████     | 13086/26000 [04:03<03:59, 54.02it/s] 50%|█████     | 13092/26000 [04:03<04:03, 53.10it/s] 50%|█████     | 13098/26000 [04:03<04:06, 52.24it/s] 50%|█████     | 13104/26000 [04:03<04:04, 52.73it/s] 50%|█████     | 13110/26000 [04:03<04:01, 53.36it/s] 50%|█████     | 13116/26000 [04:04<04:01, 53.45it/s] 50%|█████     | 13122/26000 [04:04<04:05, 52.40it/s] 50%|█████     | 13128/26000 [04:04<04:05, 52.46it/s] 51%|█████     | 13134/26000 [04:04<04:04, 52.70it/s] 51%|█████     | 13140/26000 [04:04<03:58, 53.93it/s] 51%|█████     | 13146/26000 [04:04<03:55, 54.54it/s] 51%|█████     | 13152/26000 [04:04<03:51, 55.49it/s] 51%|█████     | 13158/26000 [04:04<03:53, 55.02it/s] 51%|█████     | 13164/26000 [04:04<03:57, 54.05it/s] 51%|█████     | 13170/26000 [04:05<04:01, 53.09it/s] 51%|█████     | 13176/26000 [04:05<04:02, 52.98it/s] 51%|█████     | 13182/26000 [04:05<04:03, 52.73it/s] 51%|█████     | 13188/26000 [04:05<03:57, 53.96it/s] 51%|█████     | 13194/26000 [04:05<03:58, 53.58it/s] 51%|█████     | 13200/26000 [04:05<03:58, 53.65it/s] 51%|█████     | 13206/26000 [04:05<04:02, 52.78it/s] 51%|█████     | 13212/26000 [04:05<04:05, 52.12it/s] 51%|█████     | 13218/26000 [04:05<03:59, 53.46it/s] 51%|█████     | 13224/26000 [04:06<03:59, 53.33it/s] 51%|█████     | 13231/26000 [04:06<03:46, 56.48it/s] 51%|█████     | 13238/26000 [04:06<03:38, 58.30it/s] 51%|█████     | 13244/26000 [04:06<03:47, 56.06it/s] 51%|█████     | 13250/26000 [04:06<03:55, 54.17it/s] 51%|█████     | 13256/26000 [04:06<04:00, 53.01it/s] 51%|█████     | 13262/26000 [04:06<04:00, 52.88it/s] 51%|█████     | 13268/26000 [04:06<04:00, 52.84it/s] 51%|█████     | 13274/26000 [04:06<03:56, 53.81it/s] 51%|█████     | 13280/26000 [04:07<03:55, 53.91it/s] 51%|█████     | 13286/26000 [04:07<03:53, 54.51it/s] 51%|█████     | 13292/26000 [04:07<03:56, 53.73it/s] 51%|█████     | 13298/26000 [04:07<03:58, 53.24it/s] 51%|█████     | 13304/26000 [04:07<03:58, 53.23it/s] 51%|█████     | 13310/26000 [04:07<03:58, 53.25it/s] 51%|█████     | 13316/26000 [04:07<03:57, 53.45it/s] 51%|█████     | 13322/26000 [04:07<03:59, 52.97it/s] 51%|█████▏    | 13328/26000 [04:08<03:59, 52.88it/s] 51%|█████▏    | 13334/26000 [04:08<04:00, 52.64it/s] 51%|█████▏    | 13340/26000 [04:08<04:03, 52.06it/s] 51%|█████▏    | 13346/26000 [04:08<04:03, 51.91it/s] 51%|█████▏    | 13352/26000 [04:08<04:04, 51.73it/s] 51%|█████▏    | 13358/26000 [04:08<03:58, 52.96it/s] 51%|█████▏    | 13364/26000 [04:08<03:56, 53.53it/s] 51%|█████▏    | 13370/26000 [04:08<03:59, 52.70it/s] 51%|█████▏    | 13376/26000 [04:08<04:02, 52.11it/s] 51%|█████▏    | 13382/26000 [04:09<03:58, 52.87it/s] 51%|█████▏    | 13389/26000 [04:09<03:47, 55.46it/s] 52%|█████▏    | 13395/26000 [04:09<03:50, 54.80it/s] 52%|█████▏    | 13401/26000 [04:09<03:52, 54.30it/s] 52%|█████▏    | 13407/26000 [04:09<03:48, 55.10it/s] 52%|█████▏    | 13413/26000 [04:09<03:47, 55.33it/s] 52%|█████▏    | 13419/26000 [04:09<03:49, 54.82it/s] 52%|█████▏    | 13425/26000 [04:09<03:47, 55.31it/s] 52%|█████▏    | 13431/26000 [04:09<03:48, 55.08it/s] 52%|█████▏    | 13437/26000 [04:10<03:52, 54.00it/s] 52%|█████▏    | 13443/26000 [04:10<03:50, 54.41it/s] 52%|█████▏    | 13449/26000 [04:10<03:49, 54.59it/s] 52%|█████▏    | 13455/26000 [04:10<03:51, 54.16it/s] 52%|█████▏    | 13461/26000 [04:10<03:54, 53.58it/s] 52%|█████▏    | 13467/26000 [04:10<03:52, 53.80it/s] 52%|█████▏    | 13473/26000 [04:10<03:51, 54.08it/s] 52%|█████▏    | 13479/26000 [04:10<03:52, 53.76it/s] 52%|█████▏    | 13485/26000 [04:10<03:53, 53.56it/s] 52%|█████▏    | 13491/26000 [04:11<03:55, 53.22it/s] 52%|█████▏    | 13497/26000 [04:11<03:55, 53.06it/s] 52%|█████▏    | 13503/26000 [04:11<03:57, 52.66it/s] 52%|█████▏    | 13509/26000 [04:11<04:01, 51.63it/s] 52%|█████▏    | 13515/26000 [04:11<04:03, 51.29it/s] 52%|█████▏    | 13521/26000 [04:11<03:57, 52.59it/s] 52%|█████▏    | 13527/26000 [04:11<03:51, 53.94it/s] 52%|█████▏    | 13533/26000 [04:11<03:51, 53.85it/s] 52%|█████▏    | 13540/26000 [04:11<03:41, 56.38it/s] 52%|█████▏    | 13546/26000 [04:12<03:45, 55.26it/s] 52%|█████▏    | 13552/26000 [04:12<03:49, 54.13it/s] 52%|█████▏    | 13558/26000 [04:12<03:51, 53.85it/s] 52%|█████▏    | 13564/26000 [04:12<03:55, 52.82it/s] 52%|█████▏    | 13570/26000 [04:12<03:56, 52.50it/s] 52%|█████▏    | 13576/26000 [04:12<03:50, 54.01it/s] 52%|█████▏    | 13582/26000 [04:12<03:52, 53.49it/s] 52%|█████▏    | 13588/26000 [04:12<03:56, 52.52it/s] 52%|█████▏    | 13594/26000 [04:12<03:55, 52.60it/s] 52%|█████▏    | 13600/26000 [04:13<03:59, 51.86it/s] 52%|█████▏    | 13606/26000 [04:13<04:00, 51.59it/s] 52%|█████▏    | 13612/26000 [04:13<03:57, 52.05it/s] 52%|█████▏    | 13618/26000 [04:13<03:56, 52.36it/s] 52%|█████▏    | 13624/26000 [04:13<03:56, 52.30it/s] 52%|█████▏    | 13630/26000 [04:13<03:57, 52.07it/s] 52%|█████▏    | 13636/26000 [04:13<03:53, 52.84it/s] 52%|█████▏    | 13642/26000 [04:13<03:53, 52.82it/s] 52%|█████▏    | 13648/26000 [04:14<03:57, 51.95it/s] 53%|█████▎    | 13654/26000 [04:14<03:57, 51.89it/s] 53%|█████▎    | 13660/26000 [04:14<03:57, 51.92it/s] 53%|█████▎    | 13666/26000 [04:14<03:56, 52.17it/s] 53%|█████▎    | 13672/26000 [04:14<03:58, 51.78it/s] 53%|█████▎    | 13678/26000 [04:14<03:53, 52.75it/s] 53%|█████▎    | 13685/26000 [04:14<03:42, 55.46it/s] 53%|█████▎    | 13691/26000 [04:14<03:44, 54.91it/s] 53%|█████▎    | 13697/26000 [04:14<03:45, 54.65it/s] 53%|█████▎    | 13703/26000 [04:15<03:47, 54.14it/s] 53%|█████▎    | 13709/26000 [04:15<03:43, 54.99it/s] 53%|█████▎    | 13715/26000 [04:15<03:38, 56.32it/s] 53%|█████▎    | 13721/26000 [04:15<03:44, 54.71it/s] 53%|█████▎    | 13727/26000 [04:15<03:46, 54.20it/s] 53%|█████▎    | 13733/26000 [04:15<03:45, 54.38it/s] 53%|█████▎    | 13739/26000 [04:15<03:47, 53.91it/s] 53%|█████▎    | 13745/26000 [04:15<03:47, 53.86it/s] 53%|█████▎    | 13751/26000 [04:15<03:50, 53.07it/s] 53%|█████▎    | 13757/26000 [04:16<03:54, 52.18it/s] 53%|█████▎    | 13763/26000 [04:16<03:57, 51.63it/s] 53%|█████▎    | 13769/26000 [04:16<03:55, 51.86it/s] 53%|█████▎    | 13775/26000 [04:16<03:55, 51.98it/s] 53%|█████▎    | 13781/26000 [04:16<03:54, 52.06it/s] 53%|█████▎    | 13787/26000 [04:16<03:50, 53.08it/s] 53%|█████▎    | 13793/26000 [04:16<03:49, 53.14it/s] 53%|█████▎    | 13799/26000 [04:16<03:46, 53.89it/s] 53%|█████▎    | 13805/26000 [04:16<03:45, 54.09it/s] 53%|█████▎    | 13811/26000 [04:17<03:43, 54.64it/s] 53%|█████▎    | 13817/26000 [04:17<03:49, 53.07it/s] 53%|█████▎    | 13823/26000 [04:17<03:50, 52.77it/s] 53%|█████▎    | 13829/26000 [04:17<03:50, 52.74it/s] 53%|█████▎    | 13835/26000 [04:17<03:44, 54.20it/s] 53%|█████▎    | 13841/26000 [04:17<03:46, 53.61it/s] 53%|█████▎    | 13847/26000 [04:17<03:48, 53.15it/s] 53%|█████▎    | 13853/26000 [04:17<03:48, 53.11it/s] 53%|█████▎    | 13859/26000 [04:17<03:52, 52.21it/s] 53%|█████▎    | 13865/26000 [04:18<03:52, 52.08it/s] 53%|█████▎    | 13871/26000 [04:18<03:48, 53.14it/s] 53%|█████▎    | 13877/26000 [04:18<03:52, 52.15it/s] 53%|█████▎    | 13883/26000 [04:18<03:52, 52.10it/s] 53%|█████▎    | 13889/26000 [04:18<03:46, 53.56it/s] 53%|█████▎    | 13895/26000 [04:18<03:46, 53.49it/s] 53%|█████▎    | 13901/26000 [04:18<03:47, 53.07it/s] 53%|█████▎    | 13907/26000 [04:18<03:44, 53.79it/s] 54%|█████▎    | 13913/26000 [04:18<03:50, 52.46it/s] 54%|█████▎    | 13919/26000 [04:19<03:49, 52.63it/s] 54%|█████▎    | 13925/26000 [04:19<03:47, 53.07it/s] 54%|█████▎    | 13931/26000 [04:19<03:42, 54.27it/s] 54%|█████▎    | 13937/26000 [04:19<03:41, 54.40it/s] 54%|█████▎    | 13943/26000 [04:19<03:42, 54.14it/s] 54%|█████▎    | 13949/26000 [04:19<03:43, 53.92it/s] 54%|█████▎    | 13955/26000 [04:19<03:43, 53.79it/s] 54%|█████▎    | 13961/26000 [04:19<03:39, 54.73it/s] 54%|█████▎    | 13967/26000 [04:19<03:39, 54.71it/s] 54%|█████▎    | 13973/26000 [04:20<03:40, 54.53it/s] 54%|█████▍    | 13979/26000 [04:20<03:40, 54.58it/s] 54%|█████▍    | 13985/26000 [04:20<03:42, 53.93it/s] 54%|█████▍    | 13991/26000 [04:20<03:40, 54.41it/s] 54%|█████▍    | 13997/26000 [04:20<03:38, 55.06it/s] 54%|█████▍    | 14003/26000 [04:20<03:37, 55.26it/s] 54%|█████▍    | 14009/26000 [04:20<03:34, 55.96it/s] 54%|█████▍    | 14015/26000 [04:20<03:38, 54.92it/s] 54%|█████▍    | 14021/26000 [04:20<03:41, 54.18it/s] 54%|█████▍    | 14027/26000 [04:21<03:37, 55.08it/s] 54%|█████▍    | 14033/26000 [04:21<03:40, 54.18it/s] 54%|█████▍    | 14039/26000 [04:21<03:40, 54.26it/s] 54%|█████▍    | 14045/26000 [04:21<03:45, 53.09it/s] 54%|█████▍    | 14051/26000 [04:21<03:41, 53.85it/s] 54%|█████▍    | 14057/26000 [04:21<03:42, 53.57it/s] 54%|█████▍    | 14063/26000 [04:21<03:43, 53.42it/s] 54%|█████▍    | 14069/26000 [04:21<03:44, 53.16it/s] 54%|█████▍    | 14075/26000 [04:21<03:45, 52.89it/s] 54%|█████▍    | 14081/26000 [04:22<03:42, 53.65it/s] 54%|█████▍    | 14087/26000 [04:22<03:38, 54.63it/s] 54%|█████▍    | 14093/26000 [04:22<03:40, 53.94it/s] 54%|█████▍    | 14099/26000 [04:22<03:36, 54.90it/s] 54%|█████▍    | 14105/26000 [04:22<03:33, 55.70it/s] 54%|█████▍    | 14111/26000 [04:22<03:35, 55.07it/s] 54%|█████▍    | 14117/26000 [04:22<03:33, 55.69it/s] 54%|█████▍    | 14123/26000 [04:22<03:34, 55.34it/s] 54%|█████▍    | 14129/26000 [04:22<03:36, 54.72it/s] 54%|█████▍    | 14135/26000 [04:23<03:33, 55.67it/s] 54%|█████▍    | 14141/26000 [04:23<03:34, 55.19it/s] 54%|█████▍    | 14148/26000 [04:23<03:26, 57.42it/s] 54%|█████▍    | 14154/26000 [04:23<03:28, 56.91it/s] 54%|█████▍    | 14160/26000 [04:23<03:28, 56.85it/s] 54%|█████▍    | 14166/26000 [04:23<03:33, 55.36it/s] 55%|█████▍    | 14172/26000 [04:23<03:36, 54.61it/s] 55%|█████▍    | 14178/26000 [04:23<03:37, 54.36it/s] 55%|█████▍    | 14184/26000 [04:23<03:39, 53.88it/s] 55%|█████▍    | 14190/26000 [04:24<03:39, 53.73it/s] 55%|█████▍    | 14196/26000 [04:24<03:35, 54.82it/s] 55%|█████▍    | 14202/26000 [04:24<03:34, 54.94it/s] 55%|█████▍    | 14208/26000 [04:24<03:39, 53.65it/s] 55%|█████▍    | 14214/26000 [04:24<03:39, 53.61it/s] 55%|█████▍    | 14220/26000 [04:24<03:36, 54.51it/s] 55%|█████▍    | 14226/26000 [04:24<03:37, 54.09it/s] 55%|█████▍    | 14232/26000 [04:24<03:34, 54.86it/s] 55%|█████▍    | 14238/26000 [04:24<03:31, 55.52it/s] 55%|█████▍    | 14244/26000 [04:25<03:30, 55.82it/s] 55%|█████▍    | 14250/26000 [04:25<03:33, 55.16it/s] 55%|█████▍    | 14256/26000 [04:25<03:35, 54.43it/s] 55%|█████▍    | 14262/26000 [04:25<03:33, 54.96it/s] 55%|█████▍    | 14268/26000 [04:25<03:37, 54.03it/s] 55%|█████▍    | 14274/26000 [04:25<03:37, 53.83it/s] 55%|█████▍    | 14280/26000 [04:25<03:37, 53.77it/s] 55%|█████▍    | 14286/26000 [04:25<03:40, 53.17it/s] 55%|█████▍    | 14292/26000 [04:25<03:40, 53.13it/s] 55%|█████▍    | 14298/26000 [04:26<03:33, 54.84it/s] 55%|█████▌    | 14304/26000 [04:26<03:38, 53.52it/s] 55%|█████▌    | 14310/26000 [04:26<03:43, 52.27it/s] 55%|█████▌    | 14316/26000 [04:26<03:46, 51.65it/s] 55%|█████▌    | 14322/26000 [04:26<03:48, 51.14it/s] 55%|█████▌    | 14328/26000 [04:26<03:46, 51.50it/s] 55%|█████▌    | 14334/26000 [04:26<03:44, 51.94it/s] 55%|█████▌    | 14340/26000 [04:26<03:43, 52.07it/s] 55%|█████▌    | 14346/26000 [04:26<03:43, 52.06it/s] 55%|█████▌    | 14352/26000 [04:27<03:42, 52.25it/s] 55%|█████▌    | 14358/26000 [04:27<03:40, 52.82it/s] 55%|█████▌    | 14364/26000 [04:27<03:39, 52.91it/s] 55%|█████▌    | 14370/26000 [04:27<03:40, 52.74it/s] 55%|█████▌    | 14376/26000 [04:27<03:40, 52.82it/s] 55%|█████▌    | 14382/26000 [04:27<03:42, 52.19it/s] 55%|█████▌    | 14388/26000 [04:27<03:43, 51.91it/s] 55%|█████▌    | 14394/26000 [04:27<03:39, 52.82it/s] 55%|█████▌    | 14400/26000 [04:27<03:35, 53.75it/s] 55%|█████▌    | 14406/26000 [04:28<03:35, 53.86it/s] 55%|█████▌    | 14412/26000 [04:28<03:34, 54.10it/s] 55%|█████▌    | 14418/26000 [04:28<03:31, 54.86it/s] 55%|█████▌    | 14424/26000 [04:28<03:29, 55.15it/s] 56%|█████▌    | 14430/26000 [04:28<03:27, 55.72it/s] 56%|█████▌    | 14436/26000 [04:28<03:28, 55.43it/s] 56%|█████▌    | 14442/26000 [04:28<03:32, 54.26it/s] 56%|█████▌    | 14448/26000 [04:28<03:32, 54.37it/s] 56%|█████▌    | 14454/26000 [04:28<03:31, 54.54it/s] 56%|█████▌    | 14460/26000 [04:29<03:32, 54.30it/s] 56%|█████▌    | 14466/26000 [04:29<03:35, 53.56it/s] 56%|█████▌    | 14472/26000 [04:29<03:38, 52.74it/s] 56%|█████▌    | 14478/26000 [04:29<03:33, 54.07it/s] 56%|█████▌    | 14484/26000 [04:29<03:38, 52.68it/s] 56%|█████▌    | 14490/26000 [04:29<03:42, 51.74it/s] 56%|█████▌    | 14496/26000 [04:29<03:44, 51.28it/s] 56%|█████▌    | 14502/26000 [04:29<03:43, 51.44it/s] 56%|█████▌    | 14508/26000 [04:29<03:37, 52.72it/s] 56%|█████▌    | 14514/26000 [04:30<03:37, 52.87it/s] 56%|█████▌    | 14520/26000 [04:30<03:37, 52.77it/s] 56%|█████▌    | 14526/26000 [04:30<03:35, 53.29it/s] 56%|█████▌    | 14532/26000 [04:30<03:33, 53.59it/s] 56%|█████▌    | 14538/26000 [04:30<03:31, 54.28it/s] 56%|█████▌    | 14544/26000 [04:30<03:35, 53.20it/s] 56%|█████▌    | 14550/26000 [04:30<03:35, 53.15it/s] 56%|█████▌    | 14556/26000 [04:30<03:34, 53.30it/s] 56%|█████▌    | 14562/26000 [04:31<03:35, 52.98it/s] 56%|█████▌    | 14568/26000 [04:31<03:32, 53.74it/s] 56%|█████▌    | 14574/26000 [04:31<03:35, 52.96it/s] 56%|█████▌    | 14580/26000 [04:31<03:35, 53.09it/s] 56%|█████▌    | 14586/26000 [04:31<03:36, 52.70it/s] 56%|█████▌    | 14592/26000 [04:31<03:37, 52.38it/s] 56%|█████▌    | 14598/26000 [04:31<03:36, 52.77it/s] 56%|█████▌    | 14604/26000 [04:31<03:38, 52.19it/s] 56%|█████▌    | 14610/26000 [04:31<03:38, 52.24it/s] 56%|█████▌    | 14616/26000 [04:32<03:40, 51.70it/s] 56%|█████▌    | 14622/26000 [04:32<03:41, 51.32it/s] 56%|█████▋    | 14628/26000 [04:32<03:40, 51.48it/s] 56%|█████▋    | 14634/26000 [04:32<03:38, 52.02it/s] 56%|█████▋    | 14640/26000 [04:32<03:39, 51.76it/s] 56%|█████▋    | 14646/26000 [04:32<03:40, 51.40it/s] 56%|█████▋    | 14652/26000 [04:32<03:35, 52.63it/s] 56%|█████▋    | 14658/26000 [04:32<03:33, 53.14it/s] 56%|█████▋    | 14664/26000 [04:32<03:30, 53.89it/s] 56%|█████▋    | 14670/26000 [04:33<03:27, 54.48it/s] 56%|█████▋    | 14676/26000 [04:33<03:25, 55.08it/s] 56%|█████▋    | 14682/26000 [04:33<03:27, 54.57it/s] 56%|█████▋    | 14688/26000 [04:33<03:27, 54.43it/s] 57%|█████▋    | 14694/26000 [04:33<03:27, 54.55it/s] 57%|█████▋    | 14700/26000 [04:33<03:28, 54.25it/s] 57%|█████▋    | 14706/26000 [04:33<03:28, 54.19it/s] 57%|█████▋    | 14712/26000 [04:33<03:27, 54.50it/s] 57%|█████▋    | 14718/26000 [04:33<03:31, 53.36it/s] 57%|█████▋    | 14724/26000 [04:34<03:32, 52.98it/s] 57%|█████▋    | 14730/26000 [04:34<03:27, 54.34it/s] 57%|█████▋    | 14736/26000 [04:34<03:27, 54.22it/s] 57%|█████▋    | 14742/26000 [04:34<03:30, 53.38it/s] 57%|█████▋    | 14748/26000 [04:34<03:33, 52.76it/s] 57%|█████▋    | 14754/26000 [04:34<03:32, 53.03it/s] 57%|█████▋    | 14760/26000 [04:34<03:33, 52.60it/s] 57%|█████▋    | 14766/26000 [04:34<03:34, 52.49it/s] 57%|█████▋    | 14772/26000 [04:34<03:34, 52.44it/s] 57%|█████▋    | 14778/26000 [04:35<03:33, 52.48it/s] 57%|█████▋    | 14784/26000 [04:35<03:33, 52.60it/s] 57%|█████▋    | 14790/26000 [04:35<03:28, 53.86it/s] 57%|█████▋    | 14796/26000 [04:35<03:29, 53.51it/s] 57%|█████▋    | 14802/26000 [04:35<03:25, 54.60it/s] 57%|█████▋    | 14808/26000 [04:35<03:26, 54.20it/s] 57%|█████▋    | 14814/26000 [04:35<03:21, 55.52it/s] 57%|█████▋    | 14820/26000 [04:35<03:19, 56.03it/s] 57%|█████▋    | 14826/26000 [04:35<03:25, 54.44it/s] 57%|█████▋    | 14832/26000 [04:36<03:28, 53.60it/s] 57%|█████▋    | 14838/26000 [04:36<03:28, 53.53it/s] 57%|█████▋    | 14844/26000 [04:36<03:28, 53.40it/s] 57%|█████▋    | 14850/26000 [04:36<03:29, 53.19it/s] 57%|█████▋    | 14856/26000 [04:36<03:29, 53.08it/s] 57%|█████▋    | 14862/26000 [04:36<03:27, 53.57it/s] 57%|█████▋    | 14868/26000 [04:36<03:27, 53.72it/s] 57%|█████▋    | 14874/26000 [04:36<03:24, 54.32it/s] 57%|█████▋    | 14880/26000 [04:36<03:21, 55.24it/s] 57%|█████▋    | 14886/26000 [04:37<03:25, 54.15it/s] 57%|█████▋    | 14892/26000 [04:37<03:31, 52.56it/s] 57%|█████▋    | 14898/26000 [04:37<03:34, 51.68it/s] 57%|█████▋    | 14904/26000 [04:37<03:37, 50.97it/s] 57%|█████▋    | 14910/26000 [04:37<03:39, 50.56it/s] 57%|█████▋    | 14916/26000 [04:37<03:39, 50.38it/s] 57%|█████▋    | 14922/26000 [04:37<03:41, 49.98it/s] 57%|█████▋    | 14928/26000 [04:37<03:40, 50.13it/s] 57%|█████▋    | 14934/26000 [04:38<03:41, 50.00it/s] 57%|█████▋    | 14940/26000 [04:38<03:37, 50.78it/s] 57%|█████▋    | 14946/26000 [04:38<03:33, 51.68it/s] 58%|█████▊    | 14952/26000 [04:38<03:27, 53.37it/s] 58%|█████▊    | 14958/26000 [04:38<03:24, 54.05it/s] 58%|█████▊    | 14964/26000 [04:38<03:20, 55.09it/s] 58%|█████▊    | 14970/26000 [04:38<03:21, 54.63it/s] 58%|█████▊    | 14976/26000 [04:38<03:24, 53.89it/s] 58%|█████▊    | 14982/26000 [04:38<03:27, 53.12it/s] 58%|█████▊    | 14988/26000 [04:39<03:25, 53.54it/s] 58%|█████▊    | 14994/26000 [04:39<03:27, 53.08it/s] 58%|█████▊    | 15000/26000 [04:39<03:25, 53.43it/s] 58%|█████▊    | 15006/26000 [04:39<03:27, 52.90it/s] 58%|█████▊    | 15012/26000 [04:39<03:28, 52.66it/s] 58%|█████▊    | 15018/26000 [04:39<03:30, 52.20it/s] 58%|█████▊    | 15024/26000 [04:39<03:24, 53.78it/s] 58%|█████▊    | 15030/26000 [04:39<03:22, 54.30it/s] 58%|█████▊    | 15036/26000 [04:39<03:20, 54.75it/s] 58%|█████▊    | 15042/26000 [04:40<03:25, 53.40it/s] 58%|█████▊    | 15048/26000 [04:40<03:26, 52.92it/s] 58%|█████▊    | 15054/26000 [04:40<03:25, 53.30it/s] 58%|█████▊    | 15060/26000 [04:40<03:22, 53.98it/s] 58%|█████▊    | 15066/26000 [04:40<03:22, 54.09it/s] 58%|█████▊    | 15072/26000 [04:40<03:26, 52.90it/s] 58%|█████▊    | 15078/26000 [04:40<03:30, 51.95it/s] 58%|█████▊    | 15084/26000 [04:40<03:32, 51.37it/s] 58%|█████▊    | 15090/26000 [04:40<03:32, 51.27it/s] 58%|█████▊    | 15096/26000 [04:41<03:32, 51.24it/s] 58%|█████▊    | 15102/26000 [04:41<03:35, 50.68it/s] 58%|█████▊    | 15108/26000 [04:41<03:35, 50.63it/s] 58%|█████▊    | 15114/26000 [04:41<03:32, 51.12it/s] 58%|█████▊    | 15120/26000 [04:41<03:25, 52.86it/s] 58%|█████▊    | 15126/26000 [04:41<03:22, 53.74it/s] 58%|█████▊    | 15132/26000 [04:41<03:18, 54.84it/s] 58%|█████▊    | 15138/26000 [04:41<03:18, 54.75it/s] 58%|█████▊    | 15144/26000 [04:41<03:20, 54.15it/s] 58%|█████▊    | 15150/26000 [04:42<03:21, 53.89it/s] 58%|█████▊    | 15156/26000 [04:42<03:21, 53.74it/s] 58%|█████▊    | 15162/26000 [04:42<03:15, 55.45it/s] 58%|█████▊    | 15168/26000 [04:42<03:16, 55.09it/s] 58%|█████▊    | 15174/26000 [04:42<03:19, 54.35it/s] 58%|█████▊    | 15180/26000 [04:42<03:15, 55.49it/s] 58%|█████▊    | 15186/26000 [04:42<03:15, 55.38it/s] 58%|█████▊    | 15192/26000 [04:42<03:15, 55.18it/s] 58%|█████▊    | 15198/26000 [04:42<03:20, 53.75it/s] 58%|█████▊    | 15204/26000 [04:43<03:20, 53.90it/s] 58%|█████▊    | 15210/26000 [04:43<03:19, 54.17it/s] 59%|█████▊    | 15216/26000 [04:43<03:15, 55.28it/s] 59%|█████▊    | 15222/26000 [04:43<03:16, 54.76it/s] 59%|█████▊    | 15228/26000 [04:43<03:18, 54.38it/s] 59%|█████▊    | 15234/26000 [04:43<03:14, 55.31it/s] 59%|█████▊    | 15240/26000 [04:43<03:16, 54.63it/s] 59%|█████▊    | 15246/26000 [04:43<03:19, 53.81it/s] 59%|█████▊    | 15252/26000 [04:43<03:15, 54.85it/s] 59%|█████▊    | 15258/26000 [04:44<03:16, 54.63it/s] 59%|█████▊    | 15264/26000 [04:44<03:15, 54.83it/s] 59%|█████▊    | 15270/26000 [04:44<03:15, 54.89it/s] 59%|█████▉    | 15276/26000 [04:44<03:14, 55.04it/s] 59%|█████▉    | 15282/26000 [04:44<03:14, 55.20it/s] 59%|█████▉    | 15288/26000 [04:44<03:11, 56.07it/s] 59%|█████▉    | 15294/26000 [04:44<03:09, 56.35it/s] 59%|█████▉    | 15300/26000 [04:44<03:13, 55.30it/s] 59%|█████▉    | 15306/26000 [04:44<03:13, 55.17it/s] 59%|█████▉    | 15312/26000 [04:45<03:18, 53.91it/s] 59%|█████▉    | 15318/26000 [04:45<03:14, 54.83it/s] 59%|█████▉    | 15324/26000 [04:45<03:13, 55.16it/s] 59%|█████▉    | 15330/26000 [04:45<03:16, 54.42it/s] 59%|█████▉    | 15336/26000 [04:45<03:16, 54.19it/s] 59%|█████▉    | 15342/26000 [04:45<03:14, 54.91it/s] 59%|█████▉    | 15348/26000 [04:45<03:14, 54.84it/s] 59%|█████▉    | 15354/26000 [04:45<03:13, 55.04it/s] 59%|█████▉    | 15361/26000 [04:45<03:07, 56.89it/s] 59%|█████▉    | 15367/26000 [04:46<03:11, 55.59it/s] 59%|█████▉    | 15373/26000 [04:46<03:11, 55.38it/s] 59%|█████▉    | 15379/26000 [04:46<03:16, 54.02it/s] 59%|█████▉    | 15385/26000 [04:46<03:20, 52.95it/s] 59%|█████▉    | 15391/26000 [04:46<03:20, 53.04it/s] 59%|█████▉    | 15397/26000 [04:46<03:18, 53.39it/s] 59%|█████▉    | 15403/26000 [04:46<03:16, 53.96it/s] 59%|█████▉    | 15409/26000 [04:46<03:14, 54.33it/s] 59%|█████▉    | 15416/26000 [04:46<03:09, 55.82it/s] 59%|█████▉    | 15422/26000 [04:47<03:11, 55.30it/s] 59%|█████▉    | 15428/26000 [04:47<03:16, 53.74it/s] 59%|█████▉    | 15434/26000 [04:47<03:17, 53.48it/s] 59%|█████▉    | 15440/26000 [04:47<03:13, 54.66it/s] 59%|█████▉    | 15446/26000 [04:47<03:13, 54.48it/s] 59%|█████▉    | 15452/26000 [04:47<03:16, 53.67it/s] 59%|█████▉    | 15458/26000 [04:47<03:19, 52.75it/s] 59%|█████▉    | 15464/26000 [04:47<03:21, 52.39it/s] 60%|█████▉    | 15470/26000 [04:47<03:19, 52.66it/s] 60%|█████▉    | 15476/26000 [04:48<03:20, 52.44it/s] 60%|█████▉    | 15482/26000 [04:48<03:22, 51.96it/s] 60%|█████▉    | 15488/26000 [04:48<03:17, 53.24it/s] 60%|█████▉    | 15494/26000 [04:48<03:13, 54.32it/s] 60%|█████▉    | 15500/26000 [04:48<03:10, 55.09it/s] 60%|█████▉    | 15506/26000 [04:48<03:10, 55.15it/s] 60%|█████▉    | 15512/26000 [04:48<03:13, 54.25it/s] 60%|█████▉    | 15518/26000 [04:48<03:09, 55.20it/s] 60%|█████▉    | 15524/26000 [04:48<03:09, 55.26it/s] 60%|█████▉    | 15530/26000 [04:49<03:11, 54.81it/s] 60%|█████▉    | 15536/26000 [04:49<03:12, 54.27it/s] 60%|█████▉    | 15542/26000 [04:49<03:17, 53.08it/s] 60%|█████▉    | 15548/26000 [04:49<03:13, 54.03it/s] 60%|█████▉    | 15554/26000 [04:49<03:14, 53.62it/s] 60%|█████▉    | 15560/26000 [04:49<03:14, 53.67it/s] 60%|█████▉    | 15566/26000 [04:49<03:14, 53.59it/s] 60%|█████▉    | 15572/26000 [04:49<03:10, 54.68it/s] 60%|█████▉    | 15578/26000 [04:49<03:12, 54.22it/s] 60%|█████▉    | 15584/26000 [04:50<03:17, 52.87it/s] 60%|█████▉    | 15590/26000 [04:50<03:20, 52.02it/s] 60%|█████▉    | 15596/26000 [04:50<03:22, 51.43it/s] 60%|██████    | 15602/26000 [04:50<03:22, 51.40it/s] 60%|██████    | 15608/26000 [04:50<03:22, 51.35it/s] 60%|██████    | 15614/26000 [04:50<03:23, 51.11it/s] 60%|██████    | 15620/26000 [04:50<03:23, 51.07it/s] 60%|██████    | 15626/26000 [04:50<03:20, 51.71it/s] 60%|██████    | 15632/26000 [04:51<03:18, 52.24it/s] 60%|██████    | 15638/26000 [04:51<03:18, 52.28it/s] 60%|██████    | 15644/26000 [04:51<03:19, 51.80it/s] 60%|██████    | 15650/26000 [04:51<03:20, 51.59it/s] 60%|██████    | 15656/26000 [04:51<03:19, 51.93it/s] 60%|██████    | 15662/26000 [04:51<03:14, 53.10it/s] 60%|██████    | 15668/26000 [04:51<03:16, 52.51it/s] 60%|██████    | 15674/26000 [04:51<03:19, 51.68it/s] 60%|██████    | 15680/26000 [04:51<03:21, 51.09it/s] 60%|██████    | 15686/26000 [04:52<03:23, 50.74it/s] 60%|██████    | 15692/26000 [04:52<03:23, 50.62it/s] 60%|██████    | 15698/26000 [04:52<03:21, 51.24it/s] 60%|██████    | 15704/26000 [04:52<03:22, 50.84it/s] 60%|██████    | 15710/26000 [04:52<03:20, 51.41it/s] 60%|██████    | 15716/26000 [04:52<03:14, 52.86it/s] 60%|██████    | 15722/26000 [04:52<03:13, 53.08it/s] 60%|██████    | 15728/26000 [04:52<03:12, 53.48it/s] 61%|██████    | 15734/26000 [04:52<03:09, 54.04it/s] 61%|██████    | 15740/26000 [04:53<03:10, 53.72it/s] 61%|██████    | 15747/26000 [04:53<03:05, 55.29it/s] 61%|██████    | 15753/26000 [04:53<03:06, 55.04it/s] 61%|██████    | 15759/26000 [04:53<03:05, 55.08it/s] 61%|██████    | 15765/26000 [04:53<03:04, 55.57it/s] 61%|██████    | 15771/26000 [04:53<03:05, 55.24it/s] 61%|██████    | 15777/26000 [04:53<03:05, 54.99it/s] 61%|██████    | 15783/26000 [04:53<03:08, 54.28it/s] 61%|██████    | 15789/26000 [04:53<03:09, 53.76it/s] 61%|██████    | 15795/26000 [04:54<03:08, 54.26it/s] 61%|██████    | 15801/26000 [04:54<03:12, 52.98it/s] 61%|██████    | 15807/26000 [04:54<03:14, 52.48it/s] 61%|██████    | 15813/26000 [04:54<03:10, 53.51it/s] 61%|██████    | 15819/26000 [04:54<03:09, 53.62it/s] 61%|██████    | 15825/26000 [04:54<03:12, 52.79it/s] 61%|██████    | 15831/26000 [04:54<03:10, 53.46it/s] 61%|██████    | 15837/26000 [04:54<03:08, 54.02it/s] 61%|██████    | 15843/26000 [04:54<03:08, 53.96it/s] 61%|██████    | 15849/26000 [04:55<03:08, 53.84it/s] 61%|██████    | 15855/26000 [04:55<03:10, 53.34it/s] 61%|██████    | 15861/26000 [04:55<03:12, 52.61it/s] 61%|██████    | 15867/26000 [04:55<03:13, 52.41it/s] 61%|██████    | 15873/26000 [04:55<03:09, 53.55it/s] 61%|██████    | 15880/26000 [04:55<03:02, 55.31it/s] 61%|██████    | 15886/26000 [04:55<03:04, 54.94it/s] 61%|██████    | 15892/26000 [04:55<03:04, 54.93it/s] 61%|██████    | 15898/26000 [04:56<03:07, 53.78it/s] 61%|██████    | 15904/26000 [04:56<03:10, 52.89it/s] 61%|██████    | 15910/26000 [04:56<03:12, 52.47it/s] 61%|██████    | 15916/26000 [04:56<03:07, 53.81it/s] 61%|██████    | 15922/26000 [04:56<03:08, 53.40it/s] 61%|██████▏   | 15928/26000 [04:56<03:08, 53.31it/s] 61%|██████▏   | 15934/26000 [04:56<03:08, 53.31it/s] 61%|██████▏   | 15940/26000 [04:56<03:05, 54.19it/s] 61%|██████▏   | 15946/26000 [04:56<03:09, 53.19it/s] 61%|██████▏   | 15952/26000 [04:57<03:02, 54.92it/s] 61%|██████▏   | 15958/26000 [04:57<03:02, 55.05it/s] 61%|██████▏   | 15964/26000 [04:57<03:05, 54.05it/s] 61%|██████▏   | 15970/26000 [04:57<03:08, 53.08it/s] 61%|██████▏   | 15976/26000 [04:57<03:07, 53.37it/s] 61%|██████▏   | 15982/26000 [04:57<03:08, 53.09it/s] 61%|██████▏   | 15988/26000 [04:57<03:12, 52.04it/s] 62%|██████▏   | 15994/26000 [04:57<03:13, 51.74it/s] 62%|██████▏   | 16000/26000 [04:57<03:12, 51.96it/s] 62%|██████▏   | 16006/26000 [04:58<03:12, 51.98it/s] 62%|██████▏   | 16012/26000 [04:58<03:10, 52.29it/s] 62%|██████▏   | 16018/26000 [04:58<03:09, 52.77it/s] 62%|██████▏   | 16024/26000 [04:58<03:11, 52.18it/s] 62%|██████▏   | 16030/26000 [04:58<03:10, 52.28it/s] 62%|██████▏   | 16036/26000 [04:58<03:10, 52.34it/s] 62%|██████▏   | 16042/26000 [04:58<03:11, 52.13it/s] 62%|██████▏   | 16048/26000 [04:58<03:10, 52.30it/s] 62%|██████▏   | 16054/26000 [04:58<03:11, 52.06it/s] 62%|██████▏   | 16060/26000 [04:59<03:10, 52.15it/s] 62%|██████▏   | 16066/26000 [04:59<03:10, 52.03it/s] 62%|██████▏   | 16072/26000 [04:59<03:04, 53.74it/s] 62%|██████▏   | 16078/26000 [04:59<03:04, 53.91it/s] 62%|██████▏   | 16084/26000 [04:59<03:03, 54.01it/s] 62%|██████▏   | 16090/26000 [04:59<03:03, 53.87it/s] 62%|██████▏   | 16096/26000 [04:59<03:04, 53.60it/s] 62%|██████▏   | 16102/26000 [04:59<03:07, 52.78it/s] 62%|██████▏   | 16108/26000 [04:59<03:04, 53.69it/s] 62%|██████▏   | 16114/26000 [05:00<03:01, 54.52it/s] 62%|██████▏   | 16120/26000 [05:00<03:02, 54.23it/s] 62%|██████▏   | 16126/26000 [05:00<02:58, 55.25it/s] 62%|██████▏   | 16132/26000 [05:00<02:58, 55.38it/s] 62%|██████▏   | 16138/26000 [05:00<03:01, 54.43it/s] 62%|██████▏   | 16144/26000 [05:00<03:01, 54.33it/s] 62%|██████▏   | 16150/26000 [05:00<03:06, 52.93it/s] 62%|██████▏   | 16156/26000 [05:00<03:05, 52.96it/s] 62%|██████▏   | 16162/26000 [05:00<03:00, 54.39it/s] 62%|██████▏   | 16168/26000 [05:01<02:57, 55.41it/s] 62%|██████▏   | 16174/26000 [05:01<02:57, 55.50it/s] 62%|██████▏   | 16180/26000 [05:01<03:00, 54.34it/s] 62%|██████▏   | 16186/26000 [05:01<03:04, 53.27it/s] 62%|██████▏   | 16192/26000 [05:01<03:01, 54.18it/s] 62%|██████▏   | 16198/26000 [05:01<02:58, 54.87it/s] 62%|██████▏   | 16204/26000 [05:01<02:56, 55.51it/s] 62%|██████▏   | 16210/26000 [05:01<02:55, 55.91it/s] 62%|██████▏   | 16216/26000 [05:01<02:54, 56.06it/s] 62%|██████▏   | 16222/26000 [05:02<02:56, 55.28it/s] 62%|██████▏   | 16228/26000 [05:02<02:58, 54.69it/s] 62%|██████▏   | 16234/26000 [05:02<03:01, 53.89it/s] 62%|██████▏   | 16240/26000 [05:02<03:00, 54.03it/s] 62%|██████▏   | 16246/26000 [05:02<02:58, 54.57it/s] 63%|██████▎   | 16252/26000 [05:02<03:00, 53.92it/s] 63%|██████▎   | 16258/26000 [05:02<03:03, 53.10it/s] 63%|██████▎   | 16264/26000 [05:02<03:01, 53.58it/s] 63%|██████▎   | 16271/26000 [05:02<02:55, 55.42it/s] 63%|██████▎   | 16277/26000 [05:03<02:53, 55.99it/s] 63%|██████▎   | 16283/26000 [05:03<02:56, 54.95it/s] 63%|██████▎   | 16289/26000 [05:03<02:59, 54.06it/s] 63%|██████▎   | 16295/26000 [05:03<03:00, 53.79it/s] 63%|██████▎   | 16301/26000 [05:03<02:58, 54.33it/s] 63%|██████▎   | 16307/26000 [05:03<02:58, 54.40it/s] 63%|██████▎   | 16313/26000 [05:03<03:00, 53.76it/s] 63%|██████▎   | 16319/26000 [05:03<02:57, 54.64it/s] 63%|██████▎   | 16325/26000 [05:03<02:57, 54.39it/s] 63%|██████▎   | 16331/26000 [05:04<02:59, 53.90it/s] 63%|██████▎   | 16337/26000 [05:04<03:00, 53.45it/s] 63%|██████▎   | 16343/26000 [05:04<03:02, 53.00it/s] 63%|██████▎   | 16349/26000 [05:04<03:02, 52.85it/s] 63%|██████▎   | 16355/26000 [05:04<02:59, 53.60it/s] 63%|██████▎   | 16361/26000 [05:04<03:00, 53.48it/s] 63%|██████▎   | 16367/26000 [05:04<03:04, 52.30it/s] 63%|██████▎   | 16373/26000 [05:04<03:07, 51.48it/s] 63%|██████▎   | 16379/26000 [05:04<03:07, 51.39it/s] 63%|██████▎   | 16385/26000 [05:05<03:01, 52.89it/s] 63%|██████▎   | 16391/26000 [05:05<03:02, 52.57it/s] 63%|██████▎   | 16397/26000 [05:05<03:01, 53.03it/s] 63%|██████▎   | 16403/26000 [05:05<02:59, 53.41it/s] 63%|██████▎   | 16409/26000 [05:05<03:00, 53.13it/s] 63%|██████▎   | 16415/26000 [05:05<03:04, 51.93it/s] 63%|██████▎   | 16421/26000 [05:05<03:01, 52.67it/s] 63%|██████▎   | 16427/26000 [05:05<02:59, 53.40it/s] 63%|██████▎   | 16433/26000 [05:05<03:00, 52.94it/s] 63%|██████▎   | 16439/26000 [05:06<03:02, 52.51it/s] 63%|██████▎   | 16445/26000 [05:06<03:04, 51.84it/s] 63%|██████▎   | 16451/26000 [05:06<03:02, 52.44it/s] 63%|██████▎   | 16457/26000 [05:06<03:02, 52.41it/s] 63%|██████▎   | 16463/26000 [05:06<03:03, 52.07it/s] 63%|██████▎   | 16469/26000 [05:06<02:58, 53.41it/s] 63%|██████▎   | 16475/26000 [05:06<02:56, 53.92it/s] 63%|██████▎   | 16481/26000 [05:06<02:53, 54.90it/s] 63%|██████▎   | 16487/26000 [05:07<02:55, 54.13it/s] 63%|██████▎   | 16493/26000 [05:07<02:54, 54.48it/s] 63%|██████▎   | 16499/26000 [05:07<02:55, 54.18it/s] 63%|██████▎   | 16505/26000 [05:07<02:55, 54.08it/s] 64%|██████▎   | 16511/26000 [05:07<02:57, 53.44it/s] 64%|██████▎   | 16517/26000 [05:07<02:55, 54.04it/s] 64%|██████▎   | 16523/26000 [05:07<02:53, 54.75it/s] 64%|██████▎   | 16529/26000 [05:07<02:51, 55.08it/s] 64%|██████▎   | 16535/26000 [05:07<02:53, 54.40it/s] 64%|██████▎   | 16541/26000 [05:07<02:50, 55.38it/s] 64%|██████▎   | 16547/26000 [05:08<02:50, 55.40it/s] 64%|██████▎   | 16553/26000 [05:08<02:52, 54.75it/s] 64%|██████▎   | 16559/26000 [05:08<02:48, 55.93it/s] 64%|██████▎   | 16565/26000 [05:08<02:50, 55.23it/s] 64%|██████▎   | 16571/26000 [05:08<02:52, 54.56it/s] 64%|██████▍   | 16577/26000 [05:08<02:53, 54.16it/s] 64%|██████▍   | 16583/26000 [05:08<02:57, 53.09it/s] 64%|██████▍   | 16589/26000 [05:08<02:57, 53.14it/s] 64%|██████▍   | 16595/26000 [05:08<02:55, 53.62it/s] 64%|██████▍   | 16601/26000 [05:09<02:56, 53.25it/s] 64%|██████▍   | 16607/26000 [05:09<02:53, 54.01it/s] 64%|██████▍   | 16614/26000 [05:09<02:46, 56.43it/s] 64%|██████▍   | 16620/26000 [05:09<02:50, 55.08it/s] 64%|██████▍   | 16626/26000 [05:09<02:53, 54.15it/s] 64%|██████▍   | 16632/26000 [05:09<02:50, 55.07it/s] 64%|██████▍   | 16638/26000 [05:09<02:53, 53.91it/s] 64%|██████▍   | 16644/26000 [05:09<02:56, 53.05it/s] 64%|██████▍   | 16650/26000 [05:10<02:57, 52.71it/s] 64%|██████▍   | 16656/26000 [05:10<02:58, 52.41it/s] 64%|██████▍   | 16662/26000 [05:10<02:57, 52.68it/s] 64%|██████▍   | 16668/26000 [05:10<02:54, 53.62it/s] 64%|██████▍   | 16674/26000 [05:10<02:54, 53.45it/s] 64%|██████▍   | 16680/26000 [05:10<02:54, 53.40it/s] 64%|██████▍   | 16686/26000 [05:10<02:56, 52.72it/s] 64%|██████▍   | 16692/26000 [05:10<02:54, 53.31it/s] 64%|██████▍   | 16698/26000 [05:10<02:51, 54.38it/s] 64%|██████▍   | 16704/26000 [05:11<02:52, 53.95it/s] 64%|██████▍   | 16710/26000 [05:11<02:54, 53.38it/s] 64%|██████▍   | 16716/26000 [05:11<02:50, 54.55it/s] 64%|██████▍   | 16722/26000 [05:11<02:47, 55.30it/s] 64%|██████▍   | 16729/26000 [05:11<02:43, 56.65it/s] 64%|██████▍   | 16735/26000 [05:11<02:49, 54.51it/s] 64%|██████▍   | 16741/26000 [05:11<02:51, 53.84it/s] 64%|██████▍   | 16747/26000 [05:11<02:52, 53.71it/s] 64%|██████▍   | 16753/26000 [05:11<02:50, 54.29it/s] 64%|██████▍   | 16759/26000 [05:12<02:50, 54.30it/s] 64%|██████▍   | 16765/26000 [05:12<02:53, 53.29it/s] 65%|██████▍   | 16771/26000 [05:12<02:50, 54.20it/s] 65%|██████▍   | 16777/26000 [05:12<02:48, 54.68it/s] 65%|██████▍   | 16783/26000 [05:12<02:49, 54.45it/s] 65%|██████▍   | 16789/26000 [05:12<02:48, 54.74it/s] 65%|██████▍   | 16795/26000 [05:12<02:48, 54.58it/s] 65%|██████▍   | 16802/26000 [05:12<02:41, 57.13it/s] 65%|██████▍   | 16808/26000 [05:12<02:41, 56.84it/s] 65%|██████▍   | 16814/26000 [05:13<02:44, 55.76it/s] 65%|██████▍   | 16820/26000 [05:13<02:46, 55.05it/s] 65%|██████▍   | 16826/26000 [05:13<02:47, 54.76it/s] 65%|██████▍   | 16832/26000 [05:13<02:48, 54.42it/s] 65%|██████▍   | 16838/26000 [05:13<02:49, 53.92it/s] 65%|██████▍   | 16844/26000 [05:13<02:50, 53.63it/s] 65%|██████▍   | 16850/26000 [05:13<02:52, 53.00it/s] 65%|██████▍   | 16856/26000 [05:13<02:51, 53.23it/s] 65%|██████▍   | 16862/26000 [05:13<02:50, 53.47it/s] 65%|██████▍   | 16868/26000 [05:14<02:50, 53.71it/s] 65%|██████▍   | 16874/26000 [05:14<02:49, 53.71it/s] 65%|██████▍   | 16880/26000 [05:14<02:50, 53.35it/s] 65%|██████▍   | 16886/26000 [05:14<02:50, 53.38it/s] 65%|██████▍   | 16892/26000 [05:14<02:48, 53.97it/s] 65%|██████▍   | 16898/26000 [05:14<02:49, 53.83it/s] 65%|██████▌   | 16904/26000 [05:14<02:49, 53.72it/s] 65%|██████▌   | 16910/26000 [05:14<02:47, 54.34it/s] 65%|██████▌   | 16916/26000 [05:14<02:47, 54.33it/s] 65%|██████▌   | 16922/26000 [05:15<02:49, 53.58it/s] 65%|██████▌   | 16928/26000 [05:15<02:46, 54.48it/s] 65%|██████▌   | 16934/26000 [05:15<02:47, 53.96it/s] 65%|██████▌   | 16940/26000 [05:15<02:47, 54.04it/s] 65%|██████▌   | 16946/26000 [05:15<02:44, 55.02it/s] 65%|██████▌   | 16952/26000 [05:15<02:45, 54.70it/s] 65%|██████▌   | 16958/26000 [05:15<02:44, 54.86it/s] 65%|██████▌   | 16964/26000 [05:15<02:43, 55.20it/s] 65%|██████▌   | 16970/26000 [05:15<02:48, 53.63it/s] 65%|██████▌   | 16976/26000 [05:16<02:50, 52.90it/s] 65%|██████▌   | 16982/26000 [05:16<02:46, 54.10it/s] 65%|██████▌   | 16988/26000 [05:16<02:45, 54.45it/s] 65%|██████▌   | 16994/26000 [05:16<02:47, 53.83it/s] 65%|██████▌   | 17000/26000 [05:16<02:45, 54.24it/s] 65%|██████▌   | 17006/26000 [05:16<02:45, 54.22it/s] 65%|██████▌   | 17012/26000 [05:16<02:47, 53.79it/s] 65%|██████▌   | 17018/26000 [05:16<02:49, 52.96it/s] 65%|██████▌   | 17024/26000 [05:16<02:47, 53.70it/s] 66%|██████▌   | 17030/26000 [05:17<02:49, 52.81it/s] 66%|██████▌   | 17036/26000 [05:17<02:49, 52.87it/s] 66%|██████▌   | 17042/26000 [05:17<02:49, 52.89it/s] 66%|██████▌   | 17048/26000 [05:17<02:46, 53.84it/s] 66%|██████▌   | 17054/26000 [05:17<02:44, 54.34it/s] 66%|██████▌   | 17060/26000 [05:17<02:41, 55.21it/s] 66%|██████▌   | 17066/26000 [05:17<02:43, 54.79it/s] 66%|██████▌   | 17072/26000 [05:17<02:46, 53.68it/s] 66%|██████▌   | 17078/26000 [05:17<02:49, 52.78it/s] 66%|██████▌   | 17084/26000 [05:18<02:49, 52.62it/s] 66%|██████▌   | 17090/26000 [05:18<02:47, 53.13it/s] 66%|██████▌   | 17096/26000 [05:18<02:50, 52.17it/s] 66%|██████▌   | 17102/26000 [05:18<02:51, 51.74it/s] 66%|██████▌   | 17108/26000 [05:18<02:46, 53.33it/s] 66%|██████▌   | 17114/26000 [05:18<02:45, 53.73it/s] 66%|██████▌   | 17120/26000 [05:18<02:44, 53.91it/s] 66%|██████▌   | 17126/26000 [05:18<02:40, 55.13it/s] 66%|██████▌   | 17132/26000 [05:18<02:40, 55.24it/s] 66%|██████▌   | 17138/26000 [05:19<02:39, 55.59it/s] 66%|██████▌   | 17144/26000 [05:19<02:39, 55.54it/s] 66%|██████▌   | 17150/26000 [05:19<02:44, 53.87it/s] 66%|██████▌   | 17156/26000 [05:19<02:48, 52.62it/s] 66%|██████▌   | 17162/26000 [05:19<02:49, 52.09it/s] 66%|██████▌   | 17168/26000 [05:19<02:45, 53.44it/s] 66%|██████▌   | 17174/26000 [05:19<02:44, 53.76it/s] 66%|██████▌   | 17180/26000 [05:19<02:44, 53.48it/s] 66%|██████▌   | 17187/26000 [05:19<02:37, 56.07it/s] 66%|██████▌   | 17193/26000 [05:20<02:38, 55.57it/s] 66%|██████▌   | 17199/26000 [05:20<02:36, 56.17it/s] 66%|██████▌   | 17205/26000 [05:20<02:37, 55.92it/s] 66%|██████▌   | 17211/26000 [05:20<02:40, 54.87it/s] 66%|██████▌   | 17217/26000 [05:20<02:42, 54.12it/s] 66%|██████▌   | 17223/26000 [05:20<02:46, 52.72it/s] 66%|██████▋   | 17229/26000 [05:20<02:48, 51.96it/s] 66%|██████▋   | 17235/26000 [05:20<02:50, 51.34it/s] 66%|██████▋   | 17241/26000 [05:20<02:49, 51.59it/s] 66%|██████▋   | 17247/26000 [05:21<02:49, 51.58it/s] 66%|██████▋   | 17253/26000 [05:21<02:45, 52.88it/s] 66%|██████▋   | 17259/26000 [05:21<02:43, 53.62it/s] 66%|██████▋   | 17265/26000 [05:21<02:41, 53.98it/s] 66%|██████▋   | 17271/26000 [05:21<02:45, 52.67it/s] 66%|██████▋   | 17277/26000 [05:21<02:48, 51.90it/s] 66%|██████▋   | 17283/26000 [05:21<02:47, 52.02it/s] 66%|██████▋   | 17289/26000 [05:21<02:44, 52.85it/s] 67%|██████▋   | 17295/26000 [05:21<02:47, 51.97it/s] 67%|██████▋   | 17301/26000 [05:22<02:49, 51.46it/s] 67%|██████▋   | 17307/26000 [05:22<02:48, 51.69it/s] 67%|██████▋   | 17313/26000 [05:22<02:48, 51.47it/s] 67%|██████▋   | 17319/26000 [05:22<02:47, 51.84it/s] 67%|██████▋   | 17325/26000 [05:22<02:46, 52.00it/s] 67%|██████▋   | 17331/26000 [05:22<02:45, 52.26it/s] 67%|██████▋   | 17337/26000 [05:22<02:44, 52.61it/s] 67%|██████▋   | 17343/26000 [05:22<02:45, 52.25it/s] 67%|██████▋   | 17349/26000 [05:23<02:44, 52.50it/s] 67%|██████▋   | 17355/26000 [05:23<02:41, 53.49it/s] 67%|██████▋   | 17361/26000 [05:23<02:38, 54.58it/s] 67%|██████▋   | 17367/26000 [05:23<02:38, 54.31it/s] 67%|██████▋   | 17373/26000 [05:23<02:36, 55.13it/s] 67%|██████▋   | 17379/26000 [05:23<02:35, 55.29it/s] 67%|██████▋   | 17385/26000 [05:23<02:37, 54.78it/s] 67%|██████▋   | 17391/26000 [05:23<02:38, 54.17it/s] 67%|██████▋   | 17397/26000 [05:23<02:37, 54.47it/s] 67%|██████▋   | 17403/26000 [05:24<02:39, 54.02it/s] 67%|██████▋   | 17409/26000 [05:24<02:39, 53.96it/s] 67%|██████▋   | 17415/26000 [05:24<02:37, 54.65it/s] 67%|██████▋   | 17423/26000 [05:24<02:23, 59.62it/s] 67%|██████▋   | 17429/26000 [05:24<02:30, 57.04it/s] 67%|██████▋   | 17435/26000 [05:24<02:31, 56.47it/s] 67%|██████▋   | 17441/26000 [05:24<02:34, 55.56it/s] 67%|██████▋   | 17447/26000 [05:24<02:33, 55.58it/s] 67%|██████▋   | 17453/26000 [05:24<02:36, 54.62it/s] 67%|██████▋   | 17459/26000 [05:25<02:38, 53.91it/s] 67%|██████▋   | 17465/26000 [05:25<02:41, 52.91it/s] 67%|██████▋   | 17471/26000 [05:25<02:41, 52.89it/s] 67%|██████▋   | 17477/26000 [05:25<02:43, 52.10it/s] 67%|██████▋   | 17483/26000 [05:25<02:40, 53.06it/s] 67%|██████▋   | 17491/26000 [05:25<02:27, 57.67it/s] 67%|██████▋   | 17497/26000 [05:25<02:27, 57.63it/s] 67%|██████▋   | 17503/26000 [05:25<02:29, 56.76it/s] 67%|██████▋   | 17509/26000 [05:25<02:33, 55.21it/s] 67%|██████▋   | 17515/26000 [05:26<02:38, 53.56it/s] 67%|██████▋   | 17521/26000 [05:26<02:41, 52.49it/s] 67%|██████▋   | 17527/26000 [05:26<02:43, 51.80it/s] 67%|██████▋   | 17533/26000 [05:26<02:42, 51.95it/s] 67%|██████▋   | 17539/26000 [05:26<02:43, 51.86it/s] 67%|██████▋   | 17545/26000 [05:26<02:39, 53.16it/s] 68%|██████▊   | 17551/26000 [05:26<02:38, 53.22it/s] 68%|██████▊   | 17557/26000 [05:26<02:38, 53.30it/s] 68%|██████▊   | 17563/26000 [05:26<02:37, 53.74it/s] 68%|██████▊   | 17569/26000 [05:27<02:36, 53.76it/s] 68%|██████▊   | 17575/26000 [05:27<02:38, 53.00it/s] 68%|██████▊   | 17581/26000 [05:27<02:41, 51.99it/s] 68%|██████▊   | 17587/26000 [05:27<02:43, 51.33it/s] 68%|██████▊   | 17593/26000 [05:27<02:44, 51.23it/s] 68%|██████▊   | 17600/26000 [05:27<02:36, 53.76it/s] 68%|██████▊   | 17606/26000 [05:27<02:35, 54.06it/s] 68%|██████▊   | 17612/26000 [05:27<02:37, 53.12it/s] 68%|██████▊   | 17618/26000 [05:28<02:38, 52.94it/s] 68%|██████▊   | 17624/26000 [05:28<02:41, 52.01it/s] 68%|██████▊   | 17630/26000 [05:28<02:42, 51.35it/s] 68%|██████▊   | 17636/26000 [05:28<02:42, 51.43it/s] 68%|██████▊   | 17642/26000 [05:28<02:39, 52.37it/s] 68%|██████▊   | 17648/26000 [05:28<02:35, 53.63it/s] 68%|██████▊   | 17654/26000 [05:28<02:36, 53.28it/s] 68%|██████▊   | 17660/26000 [05:28<02:36, 53.39it/s] 68%|██████▊   | 17666/26000 [05:28<02:34, 53.94it/s] 68%|██████▊   | 17672/26000 [05:29<02:35, 53.61it/s] 68%|██████▊   | 17678/26000 [05:29<02:38, 52.55it/s] 68%|██████▊   | 17684/26000 [05:29<02:40, 51.70it/s] 68%|██████▊   | 17690/26000 [05:29<02:42, 51.17it/s] 68%|██████▊   | 17696/26000 [05:29<02:43, 50.79it/s] 68%|██████▊   | 17702/26000 [05:29<02:44, 50.58it/s] 68%|██████▊   | 17708/26000 [05:29<02:44, 50.43it/s] 68%|██████▊   | 17714/26000 [05:29<02:41, 51.29it/s] 68%|██████▊   | 17720/26000 [05:29<02:42, 50.99it/s] 68%|██████▊   | 17726/26000 [05:30<02:39, 52.03it/s] 68%|██████▊   | 17732/26000 [05:30<02:35, 53.34it/s] 68%|██████▊   | 17738/26000 [05:30<02:33, 53.81it/s] 68%|██████▊   | 17744/26000 [05:30<02:33, 53.92it/s] 68%|██████▊   | 17750/26000 [05:30<02:30, 54.96it/s] 68%|██████▊   | 17756/26000 [05:30<02:32, 54.05it/s] 68%|██████▊   | 17762/26000 [05:30<02:30, 54.60it/s] 68%|██████▊   | 17768/26000 [05:30<02:29, 54.91it/s] 68%|██████▊   | 17774/26000 [05:30<02:32, 53.85it/s] 68%|██████▊   | 17780/26000 [05:31<02:29, 54.86it/s] 68%|██████▊   | 17786/26000 [05:31<02:30, 54.41it/s] 68%|██████▊   | 17792/26000 [05:31<02:32, 53.89it/s] 68%|██████▊   | 17798/26000 [05:31<02:32, 53.84it/s] 68%|██████▊   | 17804/26000 [05:31<02:30, 54.45it/s] 68%|██████▊   | 17810/26000 [05:31<02:32, 53.72it/s] 69%|██████▊   | 17816/26000 [05:31<02:32, 53.52it/s] 69%|██████▊   | 17822/26000 [05:31<02:33, 53.28it/s] 69%|██████▊   | 17828/26000 [05:31<02:34, 52.75it/s] 69%|██████▊   | 17834/26000 [05:32<02:35, 52.60it/s] 69%|██████▊   | 17840/26000 [05:32<02:34, 52.68it/s] 69%|██████▊   | 17846/26000 [05:32<02:33, 53.01it/s] 69%|██████▊   | 17852/26000 [05:32<02:30, 54.07it/s] 69%|██████▊   | 17858/26000 [05:32<02:29, 54.37it/s] 69%|██████▊   | 17864/26000 [05:32<02:31, 53.77it/s] 69%|██████▊   | 17870/26000 [05:32<02:34, 52.51it/s] 69%|██████▉   | 17876/26000 [05:32<02:34, 52.50it/s] 69%|██████▉   | 17882/26000 [05:32<02:35, 52.30it/s] 69%|██████▉   | 17888/26000 [05:33<02:34, 52.39it/s] 69%|██████▉   | 17894/26000 [05:33<02:34, 52.46it/s] 69%|██████▉   | 17900/26000 [05:33<02:33, 52.78it/s] 69%|██████▉   | 17906/26000 [05:33<02:30, 53.62it/s] 69%|██████▉   | 17912/26000 [05:33<02:27, 54.70it/s] 69%|██████▉   | 17918/26000 [05:33<02:28, 54.32it/s] 69%|██████▉   | 17924/26000 [05:33<02:27, 54.59it/s] 69%|██████▉   | 17930/26000 [05:33<02:30, 53.74it/s] 69%|██████▉   | 17936/26000 [05:33<02:26, 54.96it/s] 69%|██████▉   | 17942/26000 [05:34<02:29, 54.03it/s] 69%|██████▉   | 17948/26000 [05:34<02:30, 53.61it/s] 69%|██████▉   | 17954/26000 [05:34<02:32, 52.60it/s] 69%|██████▉   | 17960/26000 [05:34<02:30, 53.48it/s] 69%|██████▉   | 17966/26000 [05:34<02:27, 54.62it/s] 69%|██████▉   | 17972/26000 [05:34<02:29, 53.79it/s] 69%|██████▉   | 17978/26000 [05:34<02:26, 54.75it/s] 69%|██████▉   | 17984/26000 [05:34<02:29, 53.45it/s] 69%|██████▉   | 17990/26000 [05:34<02:28, 54.10it/s] 69%|██████▉   | 17996/26000 [05:35<02:31, 52.99it/s] 69%|██████▉   | 18002/26000 [05:35<02:33, 51.99it/s] 69%|██████▉   | 18008/26000 [05:35<02:29, 53.41it/s] 69%|██████▉   | 18014/26000 [05:35<02:26, 54.48it/s] 69%|██████▉   | 18020/26000 [05:35<02:27, 54.04it/s] 69%|██████▉   | 18026/26000 [05:35<02:27, 54.19it/s] 69%|██████▉   | 18032/26000 [05:35<02:26, 54.23it/s] 69%|██████▉   | 18038/26000 [05:35<02:27, 54.13it/s] 69%|██████▉   | 18044/26000 [05:35<02:23, 55.33it/s] 69%|██████▉   | 18050/26000 [05:36<02:26, 54.35it/s] 69%|██████▉   | 18056/26000 [05:36<02:25, 54.64it/s] 69%|██████▉   | 18062/26000 [05:36<02:23, 55.50it/s] 69%|██████▉   | 18068/26000 [05:36<02:26, 54.24it/s] 70%|██████▉   | 18074/26000 [05:36<02:24, 54.70it/s] 70%|██████▉   | 18080/26000 [05:36<02:23, 55.10it/s] 70%|██████▉   | 18086/26000 [05:36<02:24, 54.93it/s] 70%|██████▉   | 18092/26000 [05:36<02:26, 53.84it/s] 70%|██████▉   | 18098/26000 [05:36<02:26, 54.05it/s] 70%|██████▉   | 18104/26000 [05:37<02:24, 54.76it/s] 70%|██████▉   | 18110/26000 [05:37<02:26, 53.71it/s] 70%|██████▉   | 18116/26000 [05:37<02:28, 53.01it/s] 70%|██████▉   | 18122/26000 [05:37<02:26, 53.70it/s] 70%|██████▉   | 18128/26000 [05:37<02:24, 54.40it/s] 70%|██████▉   | 18134/26000 [05:37<02:26, 53.52it/s] 70%|██████▉   | 18140/26000 [05:37<02:25, 53.98it/s] 70%|██████▉   | 18146/26000 [05:37<02:28, 52.96it/s] 70%|██████▉   | 18152/26000 [05:37<02:29, 52.65it/s] 70%|██████▉   | 18158/26000 [05:38<02:27, 53.06it/s] 70%|██████▉   | 18164/26000 [05:38<02:26, 53.58it/s] 70%|██████▉   | 18170/26000 [05:38<02:26, 53.32it/s] 70%|██████▉   | 18176/26000 [05:38<02:25, 53.77it/s] 70%|██████▉   | 18182/26000 [05:38<02:23, 54.37it/s] 70%|██████▉   | 18188/26000 [05:38<02:27, 52.99it/s] 70%|██████▉   | 18194/26000 [05:38<02:30, 52.01it/s] 70%|███████   | 18200/26000 [05:38<02:31, 51.40it/s] 70%|███████   | 18206/26000 [05:39<02:34, 50.58it/s] 70%|███████   | 18212/26000 [05:39<02:34, 50.30it/s] 70%|███████   | 18218/26000 [05:39<02:35, 49.95it/s] 70%|███████   | 18224/26000 [05:39<02:33, 50.53it/s] 70%|███████   | 18230/26000 [05:39<02:30, 51.70it/s] 70%|███████   | 18236/26000 [05:39<02:28, 52.31it/s] 70%|███████   | 18242/26000 [05:39<02:28, 52.32it/s] 70%|███████   | 18248/26000 [05:39<02:28, 52.22it/s] 70%|███████   | 18254/26000 [05:39<02:28, 52.08it/s] 70%|███████   | 18260/26000 [05:40<02:27, 52.43it/s] 70%|███████   | 18266/26000 [05:40<02:29, 51.57it/s] 70%|███████   | 18272/26000 [05:40<02:31, 50.96it/s] 70%|███████   | 18278/26000 [05:40<02:32, 50.50it/s] 70%|███████   | 18284/26000 [05:40<02:30, 51.12it/s] 70%|███████   | 18290/26000 [05:40<02:27, 52.31it/s] 70%|███████   | 18296/26000 [05:40<02:26, 52.77it/s] 70%|███████   | 18302/26000 [05:40<02:26, 52.61it/s] 70%|███████   | 18308/26000 [05:40<02:24, 53.13it/s] 70%|███████   | 18314/26000 [05:41<02:24, 53.22it/s] 70%|███████   | 18320/26000 [05:41<02:21, 54.40it/s] 70%|███████   | 18326/26000 [05:41<02:22, 53.79it/s] 71%|███████   | 18333/26000 [05:41<02:18, 55.46it/s] 71%|███████   | 18339/26000 [05:41<02:21, 54.27it/s] 71%|███████   | 18345/26000 [05:41<02:22, 53.72it/s] 71%|███████   | 18351/26000 [05:41<02:24, 53.05it/s] 71%|███████   | 18357/26000 [05:41<02:23, 53.15it/s] 71%|███████   | 18363/26000 [05:42<02:21, 54.03it/s] 71%|███████   | 18369/26000 [05:42<02:24, 52.98it/s] 71%|███████   | 18375/26000 [05:42<02:26, 52.18it/s] 71%|███████   | 18381/26000 [05:42<02:23, 52.95it/s] 71%|███████   | 18387/26000 [05:42<02:22, 53.24it/s] 71%|███████   | 18393/26000 [05:42<02:26, 51.92it/s] 71%|███████   | 18399/26000 [05:42<02:28, 51.19it/s] 71%|███████   | 18405/26000 [05:42<02:27, 51.56it/s] 71%|███████   | 18411/26000 [05:42<02:24, 52.47it/s] 71%|███████   | 18417/26000 [05:43<02:25, 52.25it/s] 71%|███████   | 18423/26000 [05:43<02:24, 52.38it/s] 71%|███████   | 18429/26000 [05:43<02:27, 51.48it/s] 71%|███████   | 18435/26000 [05:43<02:27, 51.36it/s] 71%|███████   | 18441/26000 [05:43<02:26, 51.63it/s] 71%|███████   | 18447/26000 [05:43<02:28, 50.96it/s] 71%|███████   | 18453/26000 [05:43<02:25, 51.91it/s] 71%|███████   | 18459/26000 [05:43<02:27, 51.27it/s] 71%|███████   | 18465/26000 [05:43<02:27, 50.93it/s] 71%|███████   | 18471/26000 [05:44<02:28, 50.65it/s] 71%|███████   | 18477/26000 [05:44<02:29, 50.34it/s] 71%|███████   | 18483/26000 [05:44<02:26, 51.17it/s] 71%|███████   | 18489/26000 [05:44<02:24, 51.82it/s] 71%|███████   | 18495/26000 [05:44<02:24, 52.08it/s] 71%|███████   | 18501/26000 [05:44<02:25, 51.68it/s] 71%|███████   | 18507/26000 [05:44<02:26, 51.25it/s] 71%|███████   | 18513/26000 [05:44<02:27, 50.92it/s] 71%|███████   | 18519/26000 [05:45<02:26, 51.07it/s] 71%|███████▏  | 18525/26000 [05:45<02:26, 51.02it/s] 71%|███████▏  | 18531/26000 [05:45<02:27, 50.58it/s] 71%|███████▏  | 18537/26000 [05:45<02:28, 50.38it/s] 71%|███████▏  | 18543/26000 [05:45<02:22, 52.17it/s] 71%|███████▏  | 18549/26000 [05:45<02:20, 53.15it/s] 71%|███████▏  | 18555/26000 [05:45<02:21, 52.64it/s] 71%|███████▏  | 18561/26000 [05:45<02:22, 52.38it/s] 71%|███████▏  | 18567/26000 [05:45<02:23, 51.73it/s] 71%|███████▏  | 18573/26000 [05:46<02:24, 51.42it/s] 71%|███████▏  | 18579/26000 [05:46<02:21, 52.30it/s] 71%|███████▏  | 18585/26000 [05:46<02:20, 52.76it/s] 72%|███████▏  | 18591/26000 [05:46<02:20, 52.66it/s] 72%|███████▏  | 18597/26000 [05:46<02:22, 52.07it/s] 72%|███████▏  | 18603/26000 [05:46<02:18, 53.42it/s] 72%|███████▏  | 18609/26000 [05:46<02:19, 52.86it/s] 72%|███████▏  | 18615/26000 [05:46<02:19, 53.04it/s] 72%|███████▏  | 18621/26000 [05:46<02:21, 52.31it/s] 72%|███████▏  | 18627/26000 [05:47<02:17, 53.68it/s] 72%|███████▏  | 18633/26000 [05:47<02:20, 52.41it/s] 72%|███████▏  | 18639/26000 [05:47<02:22, 51.74it/s] 72%|███████▏  | 18645/26000 [05:47<02:23, 51.28it/s] 72%|███████▏  | 18651/26000 [05:47<02:22, 51.63it/s] 72%|███████▏  | 18657/26000 [05:47<02:22, 51.45it/s] 72%|███████▏  | 18663/26000 [05:47<02:17, 53.21it/s] 72%|███████▏  | 18669/26000 [05:47<02:17, 53.35it/s] 72%|███████▏  | 18675/26000 [05:48<02:17, 53.11it/s] 72%|███████▏  | 18681/26000 [05:48<02:19, 52.61it/s] 72%|███████▏  | 18687/26000 [05:48<02:18, 52.95it/s] 72%|███████▏  | 18693/26000 [05:48<02:18, 52.66it/s] 72%|███████▏  | 18699/26000 [05:48<02:19, 52.33it/s] 72%|███████▏  | 18705/26000 [05:48<02:19, 52.46it/s] 72%|███████▏  | 18711/26000 [05:48<02:18, 52.68it/s] 72%|███████▏  | 18717/26000 [05:48<02:17, 52.89it/s] 72%|███████▏  | 18723/26000 [05:48<02:17, 52.90it/s] 72%|███████▏  | 18729/26000 [05:49<02:19, 52.06it/s] 72%|███████▏  | 18735/26000 [05:49<02:21, 51.51it/s] 72%|███████▏  | 18741/26000 [05:49<02:20, 51.76it/s] 72%|███████▏  | 18747/26000 [05:49<02:22, 51.01it/s] 72%|███████▏  | 18753/26000 [05:49<02:22, 50.72it/s] 72%|███████▏  | 18759/26000 [05:49<02:21, 51.05it/s] 72%|███████▏  | 18765/26000 [05:49<02:18, 52.30it/s] 72%|███████▏  | 18771/26000 [05:49<02:15, 53.29it/s] 72%|███████▏  | 18777/26000 [05:49<02:12, 54.44it/s] 72%|███████▏  | 18783/26000 [05:50<02:12, 54.56it/s] 72%|███████▏  | 18789/26000 [05:50<02:14, 53.47it/s] 72%|███████▏  | 18795/26000 [05:50<02:12, 54.29it/s] 72%|███████▏  | 18801/26000 [05:50<02:11, 54.57it/s] 72%|███████▏  | 18807/26000 [05:50<02:10, 55.27it/s] 72%|███████▏  | 18813/26000 [05:50<02:11, 54.45it/s] 72%|███████▏  | 18819/26000 [05:50<02:12, 54.36it/s] 72%|███████▏  | 18825/26000 [05:50<02:14, 53.39it/s] 72%|███████▏  | 18831/26000 [05:50<02:15, 52.82it/s] 72%|███████▏  | 18837/26000 [05:51<02:12, 53.92it/s] 72%|███████▏  | 18843/26000 [05:51<02:14, 53.23it/s] 72%|███████▏  | 18849/26000 [05:51<02:13, 53.38it/s] 73%|███████▎  | 18855/26000 [05:51<02:14, 53.09it/s] 73%|███████▎  | 18861/26000 [05:51<02:13, 53.62it/s] 73%|███████▎  | 18867/26000 [05:51<02:10, 54.50it/s] 73%|███████▎  | 18873/26000 [05:51<02:13, 53.24it/s] 73%|███████▎  | 18879/26000 [05:51<02:13, 53.16it/s] 73%|███████▎  | 18885/26000 [05:51<02:15, 52.32it/s] 73%|███████▎  | 18891/26000 [05:52<02:15, 52.37it/s] 73%|███████▎  | 18897/26000 [05:52<02:14, 52.74it/s] 73%|███████▎  | 18903/26000 [05:52<02:11, 53.97it/s] 73%|███████▎  | 18909/26000 [05:52<02:11, 53.85it/s] 73%|███████▎  | 18915/26000 [05:52<02:14, 52.86it/s] 73%|███████▎  | 18921/26000 [05:52<02:13, 53.19it/s] 73%|███████▎  | 18927/26000 [05:52<02:09, 54.63it/s] 73%|███████▎  | 18933/26000 [05:52<02:07, 55.26it/s] 73%|███████▎  | 18939/26000 [05:52<02:08, 55.10it/s] 73%|███████▎  | 18945/26000 [05:53<02:10, 54.12it/s] 73%|███████▎  | 18951/26000 [05:53<02:09, 54.34it/s] 73%|███████▎  | 18957/26000 [05:53<02:11, 53.60it/s] 73%|███████▎  | 18963/26000 [05:53<02:14, 52.41it/s] 73%|███████▎  | 18969/26000 [05:53<02:15, 51.73it/s] 73%|███████▎  | 18975/26000 [05:53<02:12, 52.93it/s] 73%|███████▎  | 18981/26000 [05:53<02:09, 54.15it/s] 73%|███████▎  | 18987/26000 [05:53<02:10, 53.84it/s] 73%|███████▎  | 18993/26000 [05:53<02:12, 52.69it/s] 73%|███████▎  | 18999/26000 [05:54<02:13, 52.58it/s] 73%|███████▎  | 19005/26000 [05:54<02:13, 52.34it/s] 73%|███████▎  | 19011/26000 [05:54<02:10, 53.73it/s] 73%|███████▎  | 19017/26000 [05:54<02:07, 54.67it/s] 73%|███████▎  | 19023/26000 [05:54<02:06, 55.04it/s] 73%|███████▎  | 19029/26000 [05:54<02:09, 53.96it/s] 73%|███████▎  | 19035/26000 [05:54<02:07, 54.69it/s] 73%|███████▎  | 19041/26000 [05:54<02:05, 55.43it/s] 73%|███████▎  | 19047/26000 [05:54<02:05, 55.46it/s] 73%|███████▎  | 19053/26000 [05:55<02:06, 54.72it/s] 73%|███████▎  | 19059/26000 [05:55<02:07, 54.58it/s] 73%|███████▎  | 19065/26000 [05:55<02:09, 53.54it/s] 73%|███████▎  | 19071/26000 [05:55<02:11, 52.63it/s] 73%|███████▎  | 19077/26000 [05:55<02:11, 52.71it/s] 73%|███████▎  | 19083/26000 [05:55<02:13, 51.79it/s] 73%|███████▎  | 19089/26000 [05:55<02:13, 51.89it/s] 73%|███████▎  | 19095/26000 [05:55<02:13, 51.89it/s] 73%|███████▎  | 19101/26000 [05:56<02:12, 51.98it/s] 73%|███████▎  | 19107/26000 [05:56<02:11, 52.38it/s] 74%|███████▎  | 19113/26000 [05:56<02:10, 52.79it/s] 74%|███████▎  | 19119/26000 [05:56<02:08, 53.60it/s] 74%|███████▎  | 19125/26000 [05:56<02:06, 54.55it/s] 74%|███████▎  | 19131/26000 [05:56<02:04, 55.05it/s] 74%|███████▎  | 19137/26000 [05:56<02:06, 54.31it/s] 74%|███████▎  | 19143/26000 [05:56<02:04, 54.88it/s] 74%|███████▎  | 19149/26000 [05:56<02:03, 55.67it/s] 74%|███████▎  | 19155/26000 [05:56<02:04, 55.02it/s] 74%|███████▎  | 19161/26000 [05:57<02:03, 55.29it/s] 74%|███████▎  | 19167/26000 [05:57<02:02, 55.96it/s] 74%|███████▎  | 19173/26000 [05:57<02:02, 55.70it/s] 74%|███████▍  | 19179/26000 [05:57<02:04, 54.73it/s] 74%|███████▍  | 19185/26000 [05:57<02:04, 54.76it/s] 74%|███████▍  | 19191/26000 [05:57<02:02, 55.56it/s] 74%|███████▍  | 19197/26000 [05:57<02:04, 54.65it/s] 74%|███████▍  | 19203/26000 [05:57<02:02, 55.33it/s] 74%|███████▍  | 19209/26000 [05:57<02:02, 55.37it/s] 74%|███████▍  | 19215/26000 [05:58<02:02, 55.53it/s] 74%|███████▍  | 19221/26000 [05:58<02:05, 54.20it/s] 74%|███████▍  | 19227/26000 [05:58<02:06, 53.64it/s] 74%|███████▍  | 19233/26000 [05:58<02:08, 52.86it/s] 74%|███████▍  | 19239/26000 [05:58<02:10, 51.88it/s] 74%|███████▍  | 19245/26000 [05:58<02:08, 52.49it/s] 74%|███████▍  | 19251/26000 [05:58<02:06, 53.42it/s] 74%|███████▍  | 19257/26000 [05:58<02:08, 52.53it/s] 74%|███████▍  | 19263/26000 [05:59<02:09, 52.07it/s] 74%|███████▍  | 19269/26000 [05:59<02:08, 52.31it/s] 74%|███████▍  | 19275/26000 [05:59<02:10, 51.48it/s] 74%|███████▍  | 19281/26000 [05:59<02:11, 51.23it/s] 74%|███████▍  | 19287/26000 [05:59<02:08, 52.38it/s] 74%|███████▍  | 19293/26000 [05:59<02:05, 53.60it/s] 74%|███████▍  | 19299/26000 [05:59<02:06, 52.91it/s] 74%|███████▍  | 19305/26000 [05:59<02:04, 53.98it/s] 74%|███████▍  | 19311/26000 [05:59<02:05, 53.22it/s] 74%|███████▍  | 19317/26000 [06:00<02:05, 53.07it/s] 74%|███████▍  | 19323/26000 [06:00<02:06, 52.91it/s] 74%|███████▍  | 19329/26000 [06:00<02:07, 52.18it/s] 74%|███████▍  | 19335/26000 [06:00<02:05, 53.27it/s] 74%|███████▍  | 19341/26000 [06:00<02:02, 54.29it/s] 74%|███████▍  | 19347/26000 [06:00<02:05, 53.10it/s] 74%|███████▍  | 19353/26000 [06:00<02:05, 53.14it/s] 74%|███████▍  | 19359/26000 [06:00<02:06, 52.59it/s] 74%|███████▍  | 19365/26000 [06:00<02:06, 52.40it/s] 75%|███████▍  | 19371/26000 [06:01<02:08, 51.63it/s] 75%|███████▍  | 19377/26000 [06:01<02:06, 52.26it/s] 75%|███████▍  | 19383/26000 [06:01<02:06, 52.20it/s] 75%|███████▍  | 19389/26000 [06:01<02:07, 51.88it/s] 75%|███████▍  | 19395/26000 [06:01<02:08, 51.27it/s] 75%|███████▍  | 19401/26000 [06:01<02:07, 51.76it/s] 75%|███████▍  | 19407/26000 [06:01<02:06, 52.02it/s] 75%|███████▍  | 19413/26000 [06:01<02:04, 52.74it/s] 75%|███████▍  | 19419/26000 [06:01<02:04, 52.89it/s] 75%|███████▍  | 19425/26000 [06:02<02:03, 53.07it/s] 75%|███████▍  | 19431/26000 [06:02<02:01, 53.94it/s] 75%|███████▍  | 19437/26000 [06:02<02:00, 54.43it/s] 75%|███████▍  | 19443/26000 [06:02<01:58, 55.26it/s] 75%|███████▍  | 19449/26000 [06:02<02:01, 53.95it/s] 75%|███████▍  | 19455/26000 [06:02<01:59, 54.80it/s] 75%|███████▍  | 19461/26000 [06:02<02:01, 53.81it/s] 75%|███████▍  | 19467/26000 [06:02<02:02, 53.32it/s] 75%|███████▍  | 19473/26000 [06:02<02:03, 52.87it/s] 75%|███████▍  | 19479/26000 [06:03<02:05, 51.86it/s] 75%|███████▍  | 19485/26000 [06:03<02:05, 51.78it/s] 75%|███████▍  | 19491/26000 [06:03<02:05, 51.88it/s] 75%|███████▍  | 19497/26000 [06:03<02:01, 53.67it/s] 75%|███████▌  | 19503/26000 [06:03<02:00, 54.01it/s] 75%|███████▌  | 19509/26000 [06:03<02:02, 53.02it/s] 75%|███████▌  | 19515/26000 [06:03<02:03, 52.63it/s] 75%|███████▌  | 19521/26000 [06:03<02:04, 52.24it/s] 75%|███████▌  | 19527/26000 [06:04<02:05, 51.61it/s] 75%|███████▌  | 19533/26000 [06:04<02:03, 52.18it/s] 75%|███████▌  | 19539/26000 [06:04<02:04, 51.86it/s] 75%|███████▌  | 19545/26000 [06:04<02:02, 52.51it/s] 75%|███████▌  | 19551/26000 [06:04<02:03, 52.14it/s] 75%|███████▌  | 19557/26000 [06:04<02:03, 52.02it/s] 75%|███████▌  | 19563/26000 [06:04<02:03, 51.94it/s] 75%|███████▌  | 19569/26000 [06:04<02:05, 51.38it/s] 75%|███████▌  | 19575/26000 [06:04<02:05, 51.06it/s] 75%|███████▌  | 19581/26000 [06:05<02:06, 50.91it/s] 75%|███████▌  | 19587/26000 [06:05<02:04, 51.40it/s] 75%|███████▌  | 19593/26000 [06:05<02:03, 52.04it/s] 75%|███████▌  | 19599/26000 [06:05<02:04, 51.36it/s] 75%|███████▌  | 19605/26000 [06:05<02:05, 50.97it/s] 75%|███████▌  | 19611/26000 [06:05<02:05, 51.05it/s] 75%|███████▌  | 19617/26000 [06:05<02:02, 52.12it/s] 75%|███████▌  | 19623/26000 [06:05<02:03, 51.64it/s] 75%|███████▌  | 19629/26000 [06:05<02:04, 51.22it/s] 76%|███████▌  | 19635/26000 [06:06<02:04, 51.11it/s] 76%|███████▌  | 19641/26000 [06:06<02:00, 52.79it/s] 76%|███████▌  | 19647/26000 [06:06<01:57, 53.99it/s] 76%|███████▌  | 19653/26000 [06:06<01:57, 54.19it/s] 76%|███████▌  | 19659/26000 [06:06<01:59, 53.28it/s] 76%|███████▌  | 19665/26000 [06:06<02:01, 52.14it/s] 76%|███████▌  | 19671/26000 [06:06<02:02, 51.51it/s] 76%|███████▌  | 19677/26000 [06:06<02:01, 51.97it/s] 76%|███████▌  | 19683/26000 [06:07<02:00, 52.28it/s] 76%|███████▌  | 19689/26000 [06:07<02:02, 51.68it/s] 76%|███████▌  | 19695/26000 [06:07<02:03, 51.22it/s] 76%|███████▌  | 19701/26000 [06:07<02:01, 51.78it/s] 76%|███████▌  | 19707/26000 [06:07<02:00, 52.30it/s] 76%|███████▌  | 19713/26000 [06:07<01:57, 53.67it/s] 76%|███████▌  | 19719/26000 [06:07<01:55, 54.41it/s] 76%|███████▌  | 19725/26000 [06:07<01:53, 55.06it/s] 76%|███████▌  | 19731/26000 [06:07<01:53, 55.08it/s] 76%|███████▌  | 19737/26000 [06:08<01:53, 55.15it/s] 76%|███████▌  | 19743/26000 [06:08<01:53, 55.16it/s] 76%|███████▌  | 19749/26000 [06:08<01:54, 54.66it/s] 76%|███████▌  | 19755/26000 [06:08<01:54, 54.75it/s] 76%|███████▌  | 19761/26000 [06:08<01:54, 54.61it/s] 76%|███████▌  | 19767/26000 [06:08<01:55, 54.12it/s] 76%|███████▌  | 19773/26000 [06:08<01:55, 53.81it/s] 76%|███████▌  | 19779/26000 [06:08<01:55, 54.01it/s] 76%|███████▌  | 19785/26000 [06:08<01:54, 54.29it/s] 76%|███████▌  | 19791/26000 [06:08<01:52, 55.16it/s] 76%|███████▌  | 19797/26000 [06:09<01:54, 54.08it/s] 76%|███████▌  | 19803/26000 [06:09<01:57, 52.85it/s] 76%|███████▌  | 19809/26000 [06:09<01:54, 53.86it/s] 76%|███████▌  | 19815/26000 [06:09<01:53, 54.63it/s] 76%|███████▌  | 19821/26000 [06:09<01:52, 54.80it/s] 76%|███████▋  | 19827/26000 [06:09<01:52, 54.69it/s] 76%|███████▋  | 19833/26000 [06:09<01:51, 55.40it/s] 76%|███████▋  | 19839/26000 [06:09<01:52, 54.85it/s] 76%|███████▋  | 19845/26000 [06:09<01:53, 54.25it/s] 76%|███████▋  | 19851/26000 [06:10<01:53, 54.27it/s] 76%|███████▋  | 19857/26000 [06:10<01:52, 54.49it/s] 76%|███████▋  | 19863/26000 [06:10<01:52, 54.65it/s] 76%|███████▋  | 19869/26000 [06:10<01:50, 55.52it/s] 76%|███████▋  | 19875/26000 [06:10<01:50, 55.22it/s] 76%|███████▋  | 19881/26000 [06:10<01:53, 53.94it/s] 76%|███████▋  | 19887/26000 [06:10<01:55, 53.07it/s] 77%|███████▋  | 19893/26000 [06:10<01:53, 53.76it/s] 77%|███████▋  | 19899/26000 [06:10<01:52, 54.32it/s] 77%|███████▋  | 19905/26000 [06:11<01:50, 55.39it/s] 77%|███████▋  | 19911/26000 [06:11<01:52, 54.28it/s] 77%|███████▋  | 19917/26000 [06:11<01:53, 53.42it/s] 77%|███████▋  | 19923/26000 [06:11<01:53, 53.57it/s] 77%|███████▋  | 19929/26000 [06:11<01:54, 52.94it/s] 77%|███████▋  | 19935/26000 [06:11<01:54, 53.03it/s] 77%|███████▋  | 19941/26000 [06:11<01:54, 52.72it/s] 77%|███████▋  | 19947/26000 [06:11<01:52, 53.90it/s] 77%|███████▋  | 19953/26000 [06:11<01:50, 54.55it/s] 77%|███████▋  | 19959/26000 [06:12<01:51, 54.26it/s] 77%|███████▋  | 19965/26000 [06:12<01:50, 54.67it/s] 77%|███████▋  | 19971/26000 [06:12<01:49, 54.87it/s] 77%|███████▋  | 19977/26000 [06:12<01:50, 54.59it/s] 77%|███████▋  | 19983/26000 [06:12<01:48, 55.45it/s] 77%|███████▋  | 19989/26000 [06:12<01:48, 55.40it/s] 77%|███████▋  | 19995/26000 [06:12<01:51, 53.82it/s] 77%|███████▋  | 20001/26000 [06:12<01:53, 52.95it/s] 77%|███████▋  | 20007/26000 [06:12<01:53, 52.97it/s] 77%|███████▋  | 20013/26000 [06:13<01:55, 52.00it/s] 77%|███████▋  | 20019/26000 [06:13<01:56, 51.44it/s] 77%|███████▋  | 20025/26000 [06:13<01:56, 51.18it/s] 77%|███████▋  | 20031/26000 [06:13<01:54, 52.31it/s] 77%|███████▋  | 20037/26000 [06:13<01:54, 52.07it/s] 77%|███████▋  | 20043/26000 [06:13<01:53, 52.48it/s] 77%|███████▋  | 20049/26000 [06:13<01:54, 52.12it/s] 77%|███████▋  | 20055/26000 [06:13<01:50, 53.75it/s] 77%|███████▋  | 20061/26000 [06:14<01:52, 52.73it/s] 77%|███████▋  | 20067/26000 [06:14<01:52, 52.60it/s] 77%|███████▋  | 20073/26000 [06:14<01:53, 52.23it/s] 77%|███████▋  | 20079/26000 [06:14<01:53, 52.05it/s] 77%|███████▋  | 20085/26000 [06:14<01:55, 51.24it/s] 77%|███████▋  | 20091/26000 [06:14<01:56, 50.90it/s] 77%|███████▋  | 20097/26000 [06:14<01:56, 50.87it/s] 77%|███████▋  | 20103/26000 [06:14<01:54, 51.47it/s] 77%|███████▋  | 20109/26000 [06:14<01:55, 50.89it/s] 77%|███████▋  | 20115/26000 [06:15<01:54, 51.35it/s] 77%|███████▋  | 20121/26000 [06:15<01:52, 52.11it/s] 77%|███████▋  | 20127/26000 [06:15<01:50, 53.01it/s] 77%|███████▋  | 20133/26000 [06:15<01:47, 54.39it/s] 77%|███████▋  | 20139/26000 [06:15<01:47, 54.64it/s] 77%|███████▋  | 20145/26000 [06:15<01:49, 53.49it/s] 78%|███████▊  | 20151/26000 [06:15<01:49, 53.24it/s] 78%|███████▊  | 20157/26000 [06:15<01:50, 52.66it/s] 78%|███████▊  | 20163/26000 [06:15<01:50, 52.71it/s] 78%|███████▊  | 20169/26000 [06:16<01:47, 54.41it/s] 78%|███████▊  | 20175/26000 [06:16<01:45, 55.47it/s] 78%|███████▊  | 20181/26000 [06:16<01:47, 54.14it/s] 78%|███████▊  | 20187/26000 [06:16<01:47, 54.10it/s] 78%|███████▊  | 20193/26000 [06:16<01:47, 53.89it/s] 78%|███████▊  | 20199/26000 [06:16<01:45, 55.04it/s] 78%|███████▊  | 20205/26000 [06:16<01:46, 54.59it/s] 78%|███████▊  | 20211/26000 [06:16<01:47, 54.06it/s] 78%|███████▊  | 20217/26000 [06:16<01:45, 54.63it/s] 78%|███████▊  | 20223/26000 [06:17<01:44, 55.27it/s] 78%|███████▊  | 20229/26000 [06:17<01:45, 54.56it/s] 78%|███████▊  | 20235/26000 [06:17<01:45, 54.72it/s] 78%|███████▊  | 20241/26000 [06:17<01:45, 54.72it/s] 78%|███████▊  | 20247/26000 [06:17<01:47, 53.74it/s] 78%|███████▊  | 20253/26000 [06:17<01:47, 53.66it/s] 78%|███████▊  | 20259/26000 [06:17<01:47, 53.46it/s] 78%|███████▊  | 20265/26000 [06:17<01:45, 54.45it/s] 78%|███████▊  | 20271/26000 [06:17<01:44, 54.80it/s] 78%|███████▊  | 20277/26000 [06:18<01:45, 54.09it/s] 78%|███████▊  | 20283/26000 [06:18<01:48, 52.92it/s] 78%|███████▊  | 20289/26000 [06:18<01:47, 53.10it/s] 78%|███████▊  | 20295/26000 [06:18<01:48, 52.48it/s] 78%|███████▊  | 20301/26000 [06:18<01:48, 52.74it/s] 78%|███████▊  | 20307/26000 [06:18<01:48, 52.33it/s] 78%|███████▊  | 20313/26000 [06:18<01:45, 53.78it/s] 78%|███████▊  | 20319/26000 [06:18<01:45, 53.65it/s] 78%|███████▊  | 20325/26000 [06:18<01:47, 52.63it/s] 78%|███████▊  | 20331/26000 [06:19<01:48, 52.48it/s] 78%|███████▊  | 20337/26000 [06:19<01:47, 52.75it/s] 78%|███████▊  | 20343/26000 [06:19<01:45, 53.38it/s] 78%|███████▊  | 20349/26000 [06:19<01:46, 52.88it/s] 78%|███████▊  | 20355/26000 [06:19<01:46, 53.13it/s] 78%|███████▊  | 20361/26000 [06:19<01:46, 53.05it/s] 78%|███████▊  | 20367/26000 [06:19<01:47, 52.36it/s] 78%|███████▊  | 20373/26000 [06:19<01:46, 52.67it/s] 78%|███████▊  | 20379/26000 [06:20<01:48, 52.02it/s] 78%|███████▊  | 20385/26000 [06:20<01:48, 51.84it/s] 78%|███████▊  | 20391/26000 [06:20<01:48, 51.84it/s] 78%|███████▊  | 20397/26000 [06:20<01:48, 51.67it/s] 78%|███████▊  | 20403/26000 [06:20<01:48, 51.42it/s] 78%|███████▊  | 20409/26000 [06:20<01:47, 51.90it/s] 79%|███████▊  | 20415/26000 [06:20<01:45, 52.81it/s] 79%|███████▊  | 20421/26000 [06:20<01:47, 51.82it/s] 79%|███████▊  | 20427/26000 [06:20<01:47, 51.97it/s] 79%|███████▊  | 20433/26000 [06:21<01:45, 52.58it/s] 79%|███████▊  | 20439/26000 [06:21<01:45, 52.73it/s] 79%|███████▊  | 20445/26000 [06:21<01:45, 52.81it/s] 79%|███████▊  | 20451/26000 [06:21<01:41, 54.64it/s] 79%|███████▊  | 20457/26000 [06:21<01:42, 53.92it/s] 79%|███████▊  | 20463/26000 [06:21<01:42, 53.77it/s] 79%|███████▊  | 20469/26000 [06:21<01:43, 53.25it/s] 79%|███████▉  | 20475/26000 [06:21<01:43, 53.39it/s] 79%|███████▉  | 20481/26000 [06:21<01:41, 54.35it/s] 79%|███████▉  | 20487/26000 [06:22<01:41, 54.46it/s] 79%|███████▉  | 20493/26000 [06:22<01:42, 53.64it/s] 79%|███████▉  | 20500/26000 [06:22<01:37, 56.55it/s] 79%|███████▉  | 20506/26000 [06:22<01:38, 56.03it/s] 79%|███████▉  | 20512/26000 [06:22<01:40, 54.61it/s] 79%|███████▉  | 20518/26000 [06:22<01:42, 53.45it/s] 79%|███████▉  | 20524/26000 [06:22<01:44, 52.64it/s] 79%|███████▉  | 20530/26000 [06:22<01:43, 52.92it/s] 79%|███████▉  | 20536/26000 [06:22<01:42, 53.15it/s] 79%|███████▉  | 20542/26000 [06:23<01:41, 53.76it/s] 79%|███████▉  | 20548/26000 [06:23<01:41, 53.65it/s] 79%|███████▉  | 20554/26000 [06:23<01:41, 53.69it/s] 79%|███████▉  | 20560/26000 [06:23<01:40, 54.35it/s] 79%|███████▉  | 20566/26000 [06:23<01:38, 55.10it/s] 79%|███████▉  | 20572/26000 [06:23<01:41, 53.46it/s] 79%|███████▉  | 20578/26000 [06:23<01:43, 52.48it/s] 79%|███████▉  | 20584/26000 [06:23<01:42, 52.70it/s] 79%|███████▉  | 20590/26000 [06:23<01:44, 51.90it/s] 79%|███████▉  | 20596/26000 [06:24<01:45, 51.44it/s] 79%|███████▉  | 20602/26000 [06:24<01:42, 52.77it/s] 79%|███████▉  | 20608/26000 [06:24<01:42, 52.80it/s] 79%|███████▉  | 20614/26000 [06:24<01:43, 52.29it/s] 79%|███████▉  | 20620/26000 [06:24<01:43, 51.90it/s] 79%|███████▉  | 20626/26000 [06:24<01:41, 52.72it/s] 79%|███████▉  | 20632/26000 [06:24<01:42, 52.41it/s] 79%|███████▉  | 20638/26000 [06:24<01:41, 52.83it/s] 79%|███████▉  | 20644/26000 [06:24<01:40, 53.48it/s] 79%|███████▉  | 20651/26000 [06:25<01:36, 55.68it/s] 79%|███████▉  | 20657/26000 [06:25<01:38, 54.41it/s] 79%|███████▉  | 20663/26000 [06:25<01:40, 53.07it/s] 79%|███████▉  | 20669/26000 [06:25<01:41, 52.75it/s] 80%|███████▉  | 20675/26000 [06:25<01:40, 52.97it/s] 80%|███████▉  | 20681/26000 [06:25<01:37, 54.33it/s] 80%|███████▉  | 20688/26000 [06:25<01:34, 55.92it/s] 80%|███████▉  | 20694/26000 [06:25<01:36, 54.94it/s] 80%|███████▉  | 20700/26000 [06:26<01:35, 55.56it/s] 80%|███████▉  | 20706/26000 [06:26<01:37, 54.40it/s] 80%|███████▉  | 20712/26000 [06:26<01:37, 54.19it/s] 80%|███████▉  | 20718/26000 [06:26<01:38, 53.72it/s] 80%|███████▉  | 20724/26000 [06:26<01:38, 53.80it/s] 80%|███████▉  | 20730/26000 [06:26<01:38, 53.74it/s] 80%|███████▉  | 20736/26000 [06:26<01:35, 55.22it/s] 80%|███████▉  | 20742/26000 [06:26<01:35, 55.17it/s] 80%|███████▉  | 20748/26000 [06:26<01:34, 55.64it/s] 80%|███████▉  | 20754/26000 [06:26<01:33, 55.82it/s] 80%|███████▉  | 20760/26000 [06:27<01:36, 54.54it/s] 80%|███████▉  | 20766/26000 [06:27<01:36, 54.39it/s] 80%|███████▉  | 20772/26000 [06:27<01:37, 53.43it/s] 80%|███████▉  | 20778/26000 [06:27<01:39, 52.26it/s] 80%|███████▉  | 20784/26000 [06:27<01:41, 51.52it/s] 80%|███████▉  | 20790/26000 [06:27<01:38, 52.79it/s] 80%|███████▉  | 20796/26000 [06:27<01:36, 54.03it/s] 80%|████████  | 20803/26000 [06:27<01:32, 55.93it/s] 80%|████████  | 20809/26000 [06:28<01:35, 54.48it/s] 80%|████████  | 20815/26000 [06:28<01:36, 53.80it/s] 80%|████████  | 20821/26000 [06:28<01:36, 53.70it/s] 80%|████████  | 20827/26000 [06:28<01:36, 53.47it/s] 80%|████████  | 20833/26000 [06:28<01:36, 53.40it/s] 80%|████████  | 20839/26000 [06:28<01:35, 53.78it/s] 80%|████████  | 20845/26000 [06:28<01:36, 53.42it/s] 80%|████████  | 20851/26000 [06:28<01:35, 54.16it/s] 80%|████████  | 20857/26000 [06:28<01:36, 53.35it/s] 80%|████████  | 20863/26000 [06:29<01:36, 53.15it/s] 80%|████████  | 20869/26000 [06:29<01:37, 52.50it/s] 80%|████████  | 20875/26000 [06:29<01:37, 52.49it/s] 80%|████████  | 20881/26000 [06:29<01:38, 51.85it/s] 80%|████████  | 20887/26000 [06:29<01:35, 53.49it/s] 80%|████████  | 20893/26000 [06:29<01:33, 54.80it/s] 80%|████████  | 20899/26000 [06:29<01:32, 55.31it/s] 80%|████████  | 20905/26000 [06:29<01:33, 54.40it/s] 80%|████████  | 20911/26000 [06:29<01:33, 54.50it/s] 80%|████████  | 20917/26000 [06:30<01:35, 53.07it/s] 80%|████████  | 20923/26000 [06:30<01:36, 52.65it/s] 80%|████████  | 20929/26000 [06:30<01:36, 52.59it/s] 81%|████████  | 20935/26000 [06:30<01:34, 53.44it/s] 81%|████████  | 20941/26000 [06:30<01:34, 53.27it/s] 81%|████████  | 20947/26000 [06:30<01:35, 53.08it/s] 81%|████████  | 20953/26000 [06:30<01:33, 54.16it/s] 81%|████████  | 20959/26000 [06:30<01:33, 53.93it/s] 81%|████████  | 20965/26000 [06:30<01:32, 54.39it/s] 81%|████████  | 20971/26000 [06:31<01:34, 53.47it/s] 81%|████████  | 20977/26000 [06:31<01:35, 52.49it/s] 81%|████████  | 20983/26000 [06:31<01:34, 52.86it/s] 81%|████████  | 20989/26000 [06:31<01:32, 54.13it/s] 81%|████████  | 20995/26000 [06:31<01:33, 53.42it/s] 81%|████████  | 21001/26000 [06:31<01:33, 53.63it/s] 81%|████████  | 21007/26000 [06:31<01:31, 54.32it/s] 81%|████████  | 21013/26000 [06:31<01:31, 54.76it/s] 81%|████████  | 21019/26000 [06:31<01:31, 54.57it/s] 81%|████████  | 21025/26000 [06:32<01:33, 53.34it/s] 81%|████████  | 21031/26000 [06:32<01:34, 52.34it/s] 81%|████████  | 21037/26000 [06:32<01:35, 52.17it/s] 81%|████████  | 21043/26000 [06:32<01:33, 53.19it/s] 81%|████████  | 21049/26000 [06:32<01:33, 53.04it/s] 81%|████████  | 21055/26000 [06:32<01:34, 52.36it/s] 81%|████████  | 21061/26000 [06:32<01:36, 51.44it/s] 81%|████████  | 21067/26000 [06:32<01:36, 50.91it/s] 81%|████████  | 21073/26000 [06:32<01:37, 50.61it/s] 81%|████████  | 21079/26000 [06:33<01:37, 50.52it/s] 81%|████████  | 21085/26000 [06:33<01:37, 50.38it/s] 81%|████████  | 21091/26000 [06:33<01:34, 51.71it/s] 81%|████████  | 21097/26000 [06:33<01:33, 52.57it/s] 81%|████████  | 21103/26000 [06:33<01:32, 52.81it/s] 81%|████████  | 21109/26000 [06:33<01:32, 52.85it/s] 81%|████████  | 21115/26000 [06:33<01:32, 52.69it/s] 81%|████████  | 21121/26000 [06:33<01:30, 54.04it/s] 81%|████████▏ | 21127/26000 [06:34<01:31, 53.23it/s] 81%|████████▏ | 21133/26000 [06:34<01:32, 52.35it/s] 81%|████████▏ | 21139/26000 [06:34<01:31, 52.99it/s] 81%|████████▏ | 21145/26000 [06:34<01:31, 52.95it/s] 81%|████████▏ | 21151/26000 [06:34<01:32, 52.37it/s] 81%|████████▏ | 21157/26000 [06:34<01:30, 53.49it/s] 81%|████████▏ | 21163/26000 [06:34<01:28, 54.39it/s] 81%|████████▏ | 21169/26000 [06:34<01:28, 54.40it/s] 81%|████████▏ | 21175/26000 [06:34<01:28, 54.68it/s] 81%|████████▏ | 21181/26000 [06:35<01:28, 54.38it/s] 81%|████████▏ | 21187/26000 [06:35<01:30, 53.40it/s] 82%|████████▏ | 21193/26000 [06:35<01:29, 53.68it/s] 82%|████████▏ | 21199/26000 [06:35<01:27, 54.78it/s] 82%|████████▏ | 21205/26000 [06:35<01:28, 54.33it/s] 82%|████████▏ | 21211/26000 [06:35<01:27, 54.75it/s] 82%|████████▏ | 21217/26000 [06:35<01:29, 53.68it/s] 82%|████████▏ | 21223/26000 [06:35<01:31, 52.47it/s] 82%|████████▏ | 21229/26000 [06:35<01:30, 52.81it/s] 82%|████████▏ | 21235/26000 [06:36<01:30, 52.88it/s] 82%|████████▏ | 21242/26000 [06:36<01:24, 56.07it/s] 82%|████████▏ | 21248/26000 [06:36<01:25, 55.43it/s] 82%|████████▏ | 21254/26000 [06:36<01:25, 55.48it/s] 82%|████████▏ | 21260/26000 [06:36<01:25, 55.18it/s] 82%|████████▏ | 21266/26000 [06:36<01:26, 54.47it/s] 82%|████████▏ | 21272/26000 [06:36<01:25, 55.19it/s] 82%|████████▏ | 21278/26000 [06:36<01:27, 54.23it/s] 82%|████████▏ | 21284/26000 [06:36<01:28, 53.32it/s] 82%|████████▏ | 21290/26000 [06:37<01:28, 52.93it/s] 82%|████████▏ | 21296/26000 [06:37<01:26, 54.27it/s] 82%|████████▏ | 21302/26000 [06:37<01:27, 53.67it/s] 82%|████████▏ | 21308/26000 [06:37<01:27, 53.39it/s] 82%|████████▏ | 21314/26000 [06:37<01:29, 52.60it/s] 82%|████████▏ | 21320/26000 [06:37<01:27, 53.57it/s] 82%|████████▏ | 21326/26000 [06:37<01:25, 54.40it/s] 82%|████████▏ | 21332/26000 [06:37<01:25, 54.63it/s] 82%|████████▏ | 21338/26000 [06:37<01:23, 55.78it/s] 82%|████████▏ | 21344/26000 [06:38<01:25, 54.70it/s] 82%|████████▏ | 21350/26000 [06:38<01:26, 53.87it/s] 82%|████████▏ | 21356/26000 [06:38<01:28, 52.76it/s] 82%|████████▏ | 21362/26000 [06:38<01:28, 52.34it/s] 82%|████████▏ | 21368/26000 [06:38<01:29, 51.78it/s] 82%|████████▏ | 21374/26000 [06:38<01:29, 51.75it/s] 82%|████████▏ | 21380/26000 [06:38<01:27, 52.77it/s] 82%|████████▏ | 21386/26000 [06:38<01:27, 52.44it/s] 82%|████████▏ | 21392/26000 [06:38<01:27, 52.53it/s] 82%|████████▏ | 21398/26000 [06:39<01:27, 52.55it/s] 82%|████████▏ | 21404/26000 [06:39<01:25, 53.62it/s] 82%|████████▏ | 21410/26000 [06:39<01:26, 53.10it/s] 82%|████████▏ | 21416/26000 [06:39<01:25, 53.37it/s] 82%|████████▏ | 21422/26000 [06:39<01:25, 53.52it/s] 82%|████████▏ | 21428/26000 [06:39<01:24, 53.93it/s] 82%|████████▏ | 21434/26000 [06:39<01:25, 53.34it/s] 82%|████████▏ | 21440/26000 [06:39<01:25, 53.57it/s] 82%|████████▏ | 21446/26000 [06:39<01:25, 52.98it/s] 83%|████████▎ | 21452/26000 [06:40<01:26, 52.53it/s] 83%|████████▎ | 21458/26000 [06:40<01:26, 52.75it/s] 83%|████████▎ | 21464/26000 [06:40<01:25, 53.12it/s] 83%|████████▎ | 21470/26000 [06:40<01:23, 54.29it/s] 83%|████████▎ | 21476/26000 [06:40<01:23, 54.10it/s] 83%|████████▎ | 21482/26000 [06:40<01:22, 54.69it/s] 83%|████████▎ | 21488/26000 [06:40<01:24, 53.58it/s] 83%|████████▎ | 21494/26000 [06:40<01:23, 54.04it/s] 83%|████████▎ | 21500/26000 [06:40<01:23, 53.78it/s] 83%|████████▎ | 21506/26000 [06:41<01:23, 53.85it/s] 83%|████████▎ | 21512/26000 [06:41<01:24, 52.89it/s] 83%|████████▎ | 21518/26000 [06:41<01:22, 54.19it/s] 83%|████████▎ | 21524/26000 [06:41<01:22, 54.43it/s] 83%|████████▎ | 21530/26000 [06:41<01:23, 53.83it/s] 83%|████████▎ | 21536/26000 [06:41<01:21, 54.86it/s] 83%|████████▎ | 21542/26000 [06:41<01:22, 53.74it/s] 83%|████████▎ | 21548/26000 [06:41<01:24, 52.40it/s] 83%|████████▎ | 21554/26000 [06:41<01:25, 51.77it/s] 83%|████████▎ | 21560/26000 [06:42<01:26, 51.24it/s] 83%|████████▎ | 21566/26000 [06:42<01:26, 51.29it/s] 83%|████████▎ | 21572/26000 [06:42<01:25, 51.91it/s] 83%|████████▎ | 21578/26000 [06:42<01:25, 51.70it/s] 83%|████████▎ | 21584/26000 [06:42<01:25, 51.52it/s] 83%|████████▎ | 21590/26000 [06:42<01:26, 51.12it/s] 83%|████████▎ | 21596/26000 [06:42<01:25, 51.81it/s] 83%|████████▎ | 21602/26000 [06:42<01:25, 51.67it/s] 83%|████████▎ | 21608/26000 [06:43<01:24, 51.73it/s] 83%|████████▎ | 21614/26000 [06:43<01:25, 51.28it/s] 83%|████████▎ | 21620/26000 [06:43<01:25, 51.49it/s] 83%|████████▎ | 21626/26000 [06:43<01:22, 53.27it/s] 83%|████████▎ | 21632/26000 [06:43<01:21, 53.92it/s] 83%|████████▎ | 21638/26000 [06:43<01:20, 54.05it/s] 83%|████████▎ | 21644/26000 [06:43<01:22, 52.86it/s] 83%|████████▎ | 21650/26000 [06:43<01:23, 52.09it/s] 83%|████████▎ | 21656/26000 [06:43<01:21, 53.21it/s] 83%|████████▎ | 21662/26000 [06:44<01:20, 54.02it/s] 83%|████████▎ | 21668/26000 [06:44<01:20, 53.78it/s] 83%|████████▎ | 21674/26000 [06:44<01:19, 54.65it/s] 83%|████████▎ | 21680/26000 [06:44<01:19, 54.02it/s] 83%|████████▎ | 21686/26000 [06:44<01:20, 53.74it/s] 83%|████████▎ | 21692/26000 [06:44<01:19, 54.49it/s] 83%|████████▎ | 21698/26000 [06:44<01:18, 54.50it/s] 83%|████████▎ | 21704/26000 [06:44<01:20, 53.11it/s] 84%|████████▎ | 21710/26000 [06:44<01:20, 53.24it/s] 84%|████████▎ | 21716/26000 [06:45<01:21, 52.87it/s] 84%|████████▎ | 21722/26000 [06:45<01:21, 52.49it/s] 84%|████████▎ | 21728/26000 [06:45<01:20, 53.32it/s] 84%|████████▎ | 21734/26000 [06:45<01:20, 53.18it/s] 84%|████████▎ | 21740/26000 [06:45<01:18, 54.04it/s] 84%|████████▎ | 21746/26000 [06:45<01:19, 53.46it/s] 84%|████████▎ | 21752/26000 [06:45<01:18, 53.88it/s] 84%|████████▎ | 21758/26000 [06:45<01:19, 53.23it/s] 84%|████████▎ | 21764/26000 [06:45<01:20, 52.53it/s] 84%|████████▎ | 21770/26000 [06:46<01:20, 52.85it/s] 84%|████████▍ | 21776/26000 [06:46<01:20, 52.71it/s] 84%|████████▍ | 21782/26000 [06:46<01:20, 52.65it/s] 84%|████████▍ | 21788/26000 [06:46<01:18, 53.42it/s] 84%|████████▍ | 21794/26000 [06:46<01:17, 54.05it/s] 84%|████████▍ | 21800/26000 [06:46<01:17, 54.22it/s] 84%|████████▍ | 21806/26000 [06:46<01:19, 53.05it/s] 84%|████████▍ | 21812/26000 [06:46<01:17, 53.83it/s] 84%|████████▍ | 21818/26000 [06:46<01:18, 53.30it/s] 84%|████████▍ | 21824/26000 [06:47<01:17, 53.62it/s] 84%|████████▍ | 21830/26000 [06:47<01:17, 53.56it/s] 84%|████████▍ | 21836/26000 [06:47<01:18, 52.81it/s] 84%|████████▍ | 21842/26000 [06:47<01:18, 52.90it/s] 84%|████████▍ | 21848/26000 [06:47<01:18, 52.82it/s] 84%|████████▍ | 21854/26000 [06:47<01:18, 52.76it/s] 84%|████████▍ | 21860/26000 [06:47<01:18, 52.41it/s] 84%|████████▍ | 21866/26000 [06:47<01:20, 51.66it/s] 84%|████████▍ | 21872/26000 [06:47<01:20, 51.27it/s] 84%|████████▍ | 21878/26000 [06:48<01:18, 52.49it/s] 84%|████████▍ | 21884/26000 [06:48<01:19, 52.08it/s] 84%|████████▍ | 21890/26000 [06:48<01:19, 51.42it/s] 84%|████████▍ | 21896/26000 [06:48<01:20, 51.08it/s] 84%|████████▍ | 21902/26000 [06:48<01:18, 52.43it/s] 84%|████████▍ | 21908/26000 [06:48<01:18, 52.34it/s] 84%|████████▍ | 21914/26000 [06:48<01:16, 53.53it/s] 84%|████████▍ | 21920/26000 [06:48<01:14, 54.77it/s] 84%|████████▍ | 21926/26000 [06:49<01:14, 54.96it/s] 84%|████████▍ | 21932/26000 [06:49<01:14, 54.71it/s] 84%|████████▍ | 21938/26000 [06:49<01:13, 55.62it/s] 84%|████████▍ | 21944/26000 [06:49<01:13, 55.34it/s] 84%|████████▍ | 21950/26000 [06:49<01:15, 53.85it/s] 84%|████████▍ | 21956/26000 [06:49<01:14, 54.31it/s] 84%|████████▍ | 21962/26000 [06:49<01:14, 54.55it/s] 84%|████████▍ | 21968/26000 [06:49<01:14, 54.25it/s] 85%|████████▍ | 21974/26000 [06:49<01:14, 53.98it/s] 85%|████████▍ | 21980/26000 [06:49<01:12, 55.17it/s] 85%|████████▍ | 21986/26000 [06:50<01:13, 54.31it/s] 85%|████████▍ | 21992/26000 [06:50<01:13, 54.24it/s] 85%|████████▍ | 21998/26000 [06:50<01:12, 54.84it/s] 85%|████████▍ | 22004/26000 [06:50<01:13, 54.38it/s] 85%|████████▍ | 22010/26000 [06:50<01:14, 53.37it/s] 85%|████████▍ | 22016/26000 [06:50<01:14, 53.81it/s] 85%|████████▍ | 22022/26000 [06:50<01:13, 53.92it/s] 85%|████████▍ | 22028/26000 [06:50<01:14, 53.54it/s] 85%|████████▍ | 22034/26000 [06:50<01:13, 53.63it/s] 85%|████████▍ | 22040/26000 [06:51<01:13, 53.65it/s] 85%|████████▍ | 22046/26000 [06:51<01:13, 54.03it/s] 85%|████████▍ | 22052/26000 [06:51<01:14, 52.83it/s] 85%|████████▍ | 22058/26000 [06:51<01:15, 52.23it/s] 85%|████████▍ | 22064/26000 [06:51<01:13, 53.59it/s] 85%|████████▍ | 22070/26000 [06:51<01:13, 53.37it/s] 85%|████████▍ | 22076/26000 [06:51<01:14, 52.62it/s] 85%|████████▍ | 22082/26000 [06:51<01:14, 52.93it/s] 85%|████████▍ | 22088/26000 [06:52<01:13, 52.98it/s] 85%|████████▍ | 22094/26000 [06:52<01:12, 53.62it/s] 85%|████████▌ | 22100/26000 [06:52<01:12, 53.45it/s] 85%|████████▌ | 22106/26000 [06:52<01:11, 54.33it/s] 85%|████████▌ | 22112/26000 [06:52<01:12, 53.66it/s] 85%|████████▌ | 22118/26000 [06:52<01:13, 52.85it/s] 85%|████████▌ | 22124/26000 [06:52<01:13, 52.42it/s] 85%|████████▌ | 22130/26000 [06:52<01:14, 52.06it/s] 85%|████████▌ | 22136/26000 [06:52<01:15, 51.33it/s] 85%|████████▌ | 22142/26000 [06:53<01:15, 50.94it/s] 85%|████████▌ | 22148/26000 [06:53<01:14, 51.44it/s] 85%|████████▌ | 22154/26000 [06:53<01:15, 50.76it/s] 85%|████████▌ | 22160/26000 [06:53<01:15, 50.96it/s] 85%|████████▌ | 22166/26000 [06:53<01:13, 51.86it/s] 85%|████████▌ | 22172/26000 [06:53<01:12, 52.80it/s] 85%|████████▌ | 22178/26000 [06:53<01:12, 52.37it/s] 85%|████████▌ | 22184/26000 [06:53<01:12, 52.30it/s] 85%|████████▌ | 22190/26000 [06:53<01:13, 51.90it/s] 85%|████████▌ | 22196/26000 [06:54<01:13, 51.80it/s] 85%|████████▌ | 22202/26000 [06:54<01:12, 52.38it/s] 85%|████████▌ | 22208/26000 [06:54<01:12, 52.13it/s] 85%|████████▌ | 22214/26000 [06:54<01:13, 51.66it/s] 85%|████████▌ | 22220/26000 [06:54<01:12, 52.15it/s] 85%|████████▌ | 22226/26000 [06:54<01:11, 52.46it/s] 86%|████████▌ | 22232/26000 [06:54<01:10, 53.19it/s] 86%|████████▌ | 22238/26000 [06:54<01:12, 52.20it/s] 86%|████████▌ | 22244/26000 [06:55<01:13, 51.31it/s] 86%|████████▌ | 22250/26000 [06:55<01:12, 51.79it/s] 86%|████████▌ | 22256/26000 [06:55<01:12, 51.94it/s] 86%|████████▌ | 22262/26000 [06:55<01:12, 51.79it/s] 86%|████████▌ | 22268/26000 [06:55<01:11, 52.24it/s] 86%|████████▌ | 22274/26000 [06:55<01:11, 52.45it/s] 86%|████████▌ | 22280/26000 [06:55<01:10, 52.63it/s] 86%|████████▌ | 22286/26000 [06:55<01:10, 52.81it/s] 86%|████████▌ | 22292/26000 [06:55<01:09, 53.61it/s] 86%|████████▌ | 22298/26000 [06:56<01:07, 54.71it/s] 86%|████████▌ | 22304/26000 [06:56<01:08, 54.33it/s] 86%|████████▌ | 22310/26000 [06:56<01:06, 55.85it/s] 86%|████████▌ | 22316/26000 [06:56<01:06, 55.37it/s] 86%|████████▌ | 22322/26000 [06:56<01:08, 53.70it/s] 86%|████████▌ | 22328/26000 [06:56<01:09, 52.76it/s] 86%|████████▌ | 22334/26000 [06:56<01:08, 53.42it/s] 86%|████████▌ | 22340/26000 [06:56<01:09, 52.89it/s] 86%|████████▌ | 22346/26000 [06:56<01:09, 52.21it/s] 86%|████████▌ | 22352/26000 [06:57<01:11, 51.14it/s] 86%|████████▌ | 22358/26000 [06:57<01:09, 52.40it/s] 86%|████████▌ | 22364/26000 [06:57<01:10, 51.80it/s] 86%|████████▌ | 22370/26000 [06:57<01:08, 52.79it/s] 86%|████████▌ | 22376/26000 [06:57<01:08, 53.14it/s] 86%|████████▌ | 22382/26000 [06:57<01:08, 53.02it/s] 86%|████████▌ | 22388/26000 [06:57<01:06, 54.02it/s] 86%|████████▌ | 22394/26000 [06:57<01:05, 54.97it/s] 86%|████████▌ | 22400/26000 [06:57<01:06, 54.08it/s] 86%|████████▌ | 22406/26000 [06:58<01:07, 53.04it/s] 86%|████████▌ | 22412/26000 [06:58<01:07, 53.50it/s] 86%|████████▌ | 22418/26000 [06:58<01:05, 54.69it/s] 86%|████████▌ | 22424/26000 [06:58<01:05, 54.24it/s] 86%|████████▋ | 22430/26000 [06:58<01:06, 53.79it/s] 86%|████████▋ | 22436/26000 [06:58<01:05, 54.67it/s] 86%|████████▋ | 22442/26000 [06:58<01:06, 53.88it/s] 86%|████████▋ | 22448/26000 [06:58<01:06, 53.32it/s] 86%|████████▋ | 22454/26000 [06:58<01:06, 53.50it/s] 86%|████████▋ | 22460/26000 [06:59<01:05, 53.84it/s] 86%|████████▋ | 22466/26000 [06:59<01:06, 53.21it/s] 86%|████████▋ | 22472/26000 [06:59<01:07, 52.48it/s] 86%|████████▋ | 22478/26000 [06:59<01:07, 52.16it/s] 86%|████████▋ | 22484/26000 [06:59<01:07, 51.90it/s] 86%|████████▋ | 22490/26000 [06:59<01:08, 51.33it/s] 87%|████████▋ | 22496/26000 [06:59<01:07, 51.60it/s] 87%|████████▋ | 22502/26000 [06:59<01:07, 51.88it/s] 87%|████████▋ | 22508/26000 [06:59<01:06, 52.89it/s] 87%|████████▋ | 22514/26000 [07:00<01:06, 52.14it/s] 87%|████████▋ | 22520/26000 [07:00<01:07, 51.38it/s] 87%|████████▋ | 22526/26000 [07:00<01:08, 51.06it/s] 87%|████████▋ | 22532/26000 [07:00<01:07, 51.72it/s] 87%|████████▋ | 22538/26000 [07:00<01:07, 51.08it/s] 87%|████████▋ | 22544/26000 [07:00<01:06, 51.64it/s] 87%|████████▋ | 22550/26000 [07:00<01:05, 52.76it/s] 87%|████████▋ | 22556/26000 [07:00<01:06, 51.99it/s] 87%|████████▋ | 22562/26000 [07:01<01:05, 52.26it/s] 87%|████████▋ | 22568/26000 [07:01<01:05, 52.31it/s] 87%|████████▋ | 22574/26000 [07:01<01:05, 52.07it/s] 87%|████████▋ | 22580/26000 [07:01<01:06, 51.78it/s] 87%|████████▋ | 22587/26000 [07:01<01:02, 54.41it/s] 87%|████████▋ | 22593/26000 [07:01<01:01, 55.02it/s] 87%|████████▋ | 22599/26000 [07:01<01:02, 54.68it/s] 87%|████████▋ | 22605/26000 [07:01<01:03, 53.38it/s] 87%|████████▋ | 22611/26000 [07:01<01:02, 54.02it/s] 87%|████████▋ | 22617/26000 [07:02<01:03, 53.20it/s] 87%|████████▋ | 22623/26000 [07:02<01:03, 52.95it/s] 87%|████████▋ | 22629/26000 [07:02<01:04, 52.23it/s] 87%|████████▋ | 22635/26000 [07:02<01:04, 51.94it/s] 87%|████████▋ | 22641/26000 [07:02<01:02, 53.57it/s] 87%|████████▋ | 22647/26000 [07:02<01:02, 53.56it/s] 87%|████████▋ | 22653/26000 [07:02<01:02, 53.67it/s] 87%|████████▋ | 22659/26000 [07:02<01:02, 53.70it/s] 87%|████████▋ | 22665/26000 [07:02<01:02, 53.78it/s] 87%|████████▋ | 22671/26000 [07:03<01:02, 53.58it/s] 87%|████████▋ | 22677/26000 [07:03<01:01, 54.09it/s] 87%|████████▋ | 22683/26000 [07:03<01:01, 54.14it/s] 87%|████████▋ | 22689/26000 [07:03<01:00, 55.08it/s] 87%|████████▋ | 22695/26000 [07:03<01:00, 54.28it/s] 87%|████████▋ | 22701/26000 [07:03<01:00, 54.84it/s] 87%|████████▋ | 22707/26000 [07:03<01:00, 54.24it/s] 87%|████████▋ | 22713/26000 [07:03<00:59, 55.09it/s] 87%|████████▋ | 22719/26000 [07:03<00:59, 55.58it/s] 87%|████████▋ | 22725/26000 [07:04<00:59, 54.83it/s] 87%|████████▋ | 22731/26000 [07:04<01:00, 53.83it/s] 87%|████████▋ | 22737/26000 [07:04<01:02, 52.50it/s] 87%|████████▋ | 22743/26000 [07:04<01:03, 51.58it/s] 87%|████████▋ | 22749/26000 [07:04<01:03, 51.09it/s] 88%|████████▊ | 22755/26000 [07:04<01:03, 51.32it/s] 88%|████████▊ | 22761/26000 [07:04<01:03, 51.31it/s] 88%|████████▊ | 22767/26000 [07:04<01:02, 51.46it/s] 88%|████████▊ | 22773/26000 [07:04<01:01, 52.63it/s] 88%|████████▊ | 22779/26000 [07:05<00:59, 53.70it/s] 88%|████████▊ | 22785/26000 [07:05<01:00, 53.35it/s] 88%|████████▊ | 22791/26000 [07:05<01:00, 53.44it/s] 88%|████████▊ | 22797/26000 [07:05<00:59, 53.69it/s] 88%|████████▊ | 22803/26000 [07:05<01:00, 53.19it/s] 88%|████████▊ | 22809/26000 [07:05<00:59, 53.19it/s] 88%|████████▊ | 22815/26000 [07:05<01:00, 52.46it/s] 88%|████████▊ | 22821/26000 [07:05<00:59, 53.74it/s] 88%|████████▊ | 22827/26000 [07:05<00:58, 54.38it/s] 88%|████████▊ | 22833/26000 [07:06<00:57, 55.07it/s] 88%|████████▊ | 22839/26000 [07:06<00:58, 54.42it/s] 88%|████████▊ | 22845/26000 [07:06<00:58, 54.25it/s] 88%|████████▊ | 22851/26000 [07:06<00:58, 53.49it/s] 88%|████████▊ | 22857/26000 [07:06<00:59, 52.69it/s] 88%|████████▊ | 22863/26000 [07:06<00:59, 53.04it/s] 88%|████████▊ | 22869/26000 [07:06<00:58, 53.94it/s] 88%|████████▊ | 22875/26000 [07:06<00:58, 53.63it/s] 88%|████████▊ | 22881/26000 [07:06<00:57, 54.34it/s] 88%|████████▊ | 22887/26000 [07:07<00:58, 53.11it/s] 88%|████████▊ | 22893/26000 [07:07<00:59, 52.17it/s] 88%|████████▊ | 22899/26000 [07:07<01:00, 51.53it/s] 88%|████████▊ | 22905/26000 [07:07<00:59, 51.63it/s] 88%|████████▊ | 22911/26000 [07:07<00:58, 52.64it/s] 88%|████████▊ | 22917/26000 [07:07<00:58, 52.39it/s] 88%|████████▊ | 22923/26000 [07:07<00:58, 52.81it/s] 88%|████████▊ | 22929/26000 [07:07<00:57, 53.67it/s] 88%|████████▊ | 22935/26000 [07:08<00:57, 53.64it/s] 88%|████████▊ | 22941/26000 [07:08<00:57, 53.65it/s] 88%|████████▊ | 22947/26000 [07:08<00:57, 53.18it/s] 88%|████████▊ | 22953/26000 [07:08<00:57, 53.07it/s] 88%|████████▊ | 22959/26000 [07:08<00:57, 52.48it/s] 88%|████████▊ | 22965/26000 [07:08<00:57, 52.51it/s] 88%|████████▊ | 22971/26000 [07:08<00:56, 53.94it/s] 88%|████████▊ | 22977/26000 [07:08<00:56, 53.90it/s] 88%|████████▊ | 22983/26000 [07:08<00:55, 54.39it/s] 88%|████████▊ | 22989/26000 [07:09<00:54, 55.74it/s] 88%|████████▊ | 22995/26000 [07:09<00:54, 55.31it/s] 88%|████████▊ | 23001/26000 [07:09<00:54, 54.91it/s] 88%|████████▊ | 23007/26000 [07:09<00:53, 55.50it/s] 89%|████████▊ | 23013/26000 [07:09<00:53, 55.91it/s] 89%|████████▊ | 23019/26000 [07:09<00:54, 54.86it/s] 89%|████████▊ | 23025/26000 [07:09<00:53, 55.46it/s] 89%|████████▊ | 23031/26000 [07:09<00:53, 55.39it/s] 89%|████████▊ | 23037/26000 [07:09<00:54, 54.57it/s] 89%|████████▊ | 23043/26000 [07:10<00:55, 53.35it/s] 89%|████████▊ | 23049/26000 [07:10<00:56, 52.30it/s] 89%|████████▊ | 23055/26000 [07:10<00:55, 52.91it/s] 89%|████████▊ | 23061/26000 [07:10<00:55, 52.92it/s] 89%|████████▊ | 23067/26000 [07:10<00:56, 52.32it/s] 89%|████████▊ | 23073/26000 [07:10<00:54, 53.44it/s] 89%|████████▉ | 23079/26000 [07:10<00:53, 54.57it/s] 89%|████████▉ | 23085/26000 [07:10<00:53, 54.51it/s] 89%|████████▉ | 23091/26000 [07:10<00:54, 53.23it/s] 89%|████████▉ | 23097/26000 [07:11<00:54, 53.25it/s] 89%|████████▉ | 23103/26000 [07:11<00:55, 52.62it/s] 89%|████████▉ | 23109/26000 [07:11<00:55, 51.96it/s] 89%|████████▉ | 23115/26000 [07:11<00:55, 52.22it/s] 89%|████████▉ | 23121/26000 [07:11<00:54, 52.49it/s] 89%|████████▉ | 23127/26000 [07:11<00:54, 52.35it/s] 89%|████████▉ | 23133/26000 [07:11<00:54, 52.91it/s] 89%|████████▉ | 23139/26000 [07:11<00:52, 54.05it/s] 89%|████████▉ | 23145/26000 [07:11<00:52, 54.68it/s] 89%|████████▉ | 23151/26000 [07:12<00:51, 54.93it/s] 89%|████████▉ | 23157/26000 [07:12<00:52, 54.01it/s] 89%|████████▉ | 23163/26000 [07:12<00:52, 54.54it/s] 89%|████████▉ | 23169/26000 [07:12<00:52, 54.40it/s] 89%|████████▉ | 23175/26000 [07:12<00:52, 54.18it/s] 89%|████████▉ | 23181/26000 [07:12<00:52, 53.75it/s] 89%|████████▉ | 23187/26000 [07:12<00:50, 55.31it/s] 89%|████████▉ | 23193/26000 [07:12<00:49, 56.24it/s] 89%|████████▉ | 23199/26000 [07:12<00:51, 54.67it/s] 89%|████████▉ | 23205/26000 [07:13<00:52, 53.08it/s] 89%|████████▉ | 23211/26000 [07:13<00:53, 52.40it/s] 89%|████████▉ | 23217/26000 [07:13<00:53, 52.48it/s] 89%|████████▉ | 23223/26000 [07:13<00:53, 51.79it/s] 89%|████████▉ | 23229/26000 [07:13<00:52, 52.98it/s] 89%|████████▉ | 23235/26000 [07:13<00:51, 53.72it/s] 89%|████████▉ | 23241/26000 [07:13<00:50, 55.07it/s] 89%|████████▉ | 23247/26000 [07:13<00:50, 54.19it/s] 89%|████████▉ | 23253/26000 [07:13<00:51, 52.97it/s] 89%|████████▉ | 23259/26000 [07:14<00:51, 53.25it/s] 89%|████████▉ | 23265/26000 [07:14<00:50, 53.97it/s] 90%|████████▉ | 23271/26000 [07:14<00:49, 55.03it/s] 90%|████████▉ | 23277/26000 [07:14<00:49, 54.89it/s] 90%|████████▉ | 23283/26000 [07:14<00:50, 54.33it/s] 90%|████████▉ | 23289/26000 [07:14<00:50, 53.26it/s] 90%|████████▉ | 23295/26000 [07:14<00:50, 53.41it/s] 90%|████████▉ | 23301/26000 [07:14<00:50, 53.17it/s] 90%|████████▉ | 23307/26000 [07:14<00:51, 52.33it/s] 90%|████████▉ | 23313/26000 [07:15<00:51, 52.23it/s] 90%|████████▉ | 23319/26000 [07:15<00:50, 52.83it/s] 90%|████████▉ | 23325/26000 [07:15<00:51, 52.36it/s] 90%|████████▉ | 23331/26000 [07:15<00:50, 53.10it/s] 90%|████████▉ | 23337/26000 [07:15<00:49, 53.99it/s] 90%|████████▉ | 23343/26000 [07:15<00:49, 54.20it/s] 90%|████████▉ | 23349/26000 [07:15<00:48, 54.58it/s] 90%|████████▉ | 23355/26000 [07:15<00:49, 53.59it/s] 90%|████████▉ | 23361/26000 [07:15<00:50, 52.55it/s] 90%|████████▉ | 23367/26000 [07:16<00:50, 51.67it/s] 90%|████████▉ | 23373/26000 [07:16<00:51, 51.48it/s] 90%|████████▉ | 23379/26000 [07:16<00:50, 51.89it/s] 90%|████████▉ | 23385/26000 [07:16<00:49, 52.63it/s] 90%|████████▉ | 23391/26000 [07:16<00:50, 51.58it/s] 90%|████████▉ | 23397/26000 [07:16<00:50, 51.40it/s] 90%|█████████ | 23403/26000 [07:16<00:50, 51.76it/s] 90%|█████████ | 23409/26000 [07:16<00:48, 53.63it/s] 90%|█████████ | 23416/26000 [07:16<00:46, 55.25it/s] 90%|█████████ | 23422/26000 [07:17<00:47, 54.06it/s] 90%|█████████ | 23428/26000 [07:17<00:48, 53.48it/s] 90%|█████████ | 23434/26000 [07:17<00:48, 52.51it/s] 90%|█████████ | 23440/26000 [07:17<00:48, 52.43it/s] 90%|█████████ | 23446/26000 [07:17<00:49, 52.07it/s] 90%|█████████ | 23452/26000 [07:17<00:48, 52.47it/s] 90%|█████████ | 23458/26000 [07:17<00:47, 53.68it/s] 90%|█████████ | 23464/26000 [07:17<00:47, 53.65it/s] 90%|█████████ | 23470/26000 [07:18<00:47, 53.59it/s] 90%|█████████ | 23476/26000 [07:18<00:47, 53.59it/s] 90%|█████████ | 23482/26000 [07:18<00:46, 54.18it/s] 90%|█████████ | 23488/26000 [07:18<00:46, 54.59it/s] 90%|█████████ | 23494/26000 [07:18<00:46, 53.77it/s] 90%|█████████ | 23500/26000 [07:18<00:46, 53.77it/s] 90%|█████████ | 23506/26000 [07:18<00:46, 53.54it/s] 90%|█████████ | 23512/26000 [07:18<00:46, 53.93it/s] 90%|█████████ | 23519/26000 [07:18<00:43, 57.40it/s] 90%|█████████ | 23525/26000 [07:19<00:43, 56.27it/s] 91%|█████████ | 23531/26000 [07:19<00:45, 54.62it/s] 91%|█████████ | 23537/26000 [07:19<00:46, 53.20it/s] 91%|█████████ | 23543/26000 [07:19<00:47, 52.17it/s] 91%|█████████ | 23549/26000 [07:19<00:47, 51.43it/s] 91%|█████████ | 23555/26000 [07:19<00:47, 51.23it/s] 91%|█████████ | 23561/26000 [07:19<00:47, 51.79it/s] 91%|█████████ | 23567/26000 [07:19<00:47, 51.55it/s] 91%|█████████ | 23573/26000 [07:19<00:47, 51.54it/s] 91%|█████████ | 23579/26000 [07:20<00:47, 50.80it/s] 91%|█████████ | 23585/26000 [07:20<00:47, 50.53it/s] 91%|█████████ | 23591/26000 [07:20<00:47, 50.48it/s] 91%|█████████ | 23597/26000 [07:20<00:46, 51.76it/s] 91%|█████████ | 23603/26000 [07:20<00:44, 53.46it/s] 91%|█████████ | 23609/26000 [07:20<00:45, 52.91it/s] 91%|█████████ | 23615/26000 [07:20<00:44, 53.36it/s] 91%|█████████ | 23621/26000 [07:20<00:44, 53.33it/s] 91%|█████████ | 23627/26000 [07:20<00:44, 53.32it/s] 91%|█████████ | 23633/26000 [07:21<00:44, 53.44it/s] 91%|█████████ | 23639/26000 [07:21<00:44, 53.31it/s] 91%|█████████ | 23645/26000 [07:21<00:45, 52.28it/s] 91%|█████████ | 23651/26000 [07:21<00:45, 51.44it/s] 91%|█████████ | 23657/26000 [07:21<00:45, 51.35it/s] 91%|█████████ | 23663/26000 [07:21<00:45, 51.81it/s] 91%|█████████ | 23669/26000 [07:21<00:44, 51.92it/s] 91%|█████████ | 23675/26000 [07:21<00:43, 53.57it/s] 91%|█████████ | 23681/26000 [07:22<00:43, 53.12it/s] 91%|█████████ | 23687/26000 [07:22<00:43, 52.61it/s] 91%|█████████ | 23693/26000 [07:22<00:42, 53.85it/s] 91%|█████████ | 23699/26000 [07:22<00:42, 53.78it/s] 91%|█████████ | 23705/26000 [07:22<00:42, 54.31it/s] 91%|█████████ | 23711/26000 [07:22<00:41, 55.23it/s] 91%|█████████ | 23717/26000 [07:22<00:41, 54.46it/s] 91%|█████████ | 23723/26000 [07:22<00:40, 55.78it/s] 91%|█████████▏| 23729/26000 [07:22<00:41, 54.98it/s] 91%|█████████▏| 23735/26000 [07:22<00:41, 54.04it/s] 91%|█████████▏| 23741/26000 [07:23<00:41, 53.96it/s] 91%|█████████▏| 23747/26000 [07:23<00:41, 54.09it/s] 91%|█████████▏| 23753/26000 [07:23<00:42, 52.98it/s] 91%|█████████▏| 23759/26000 [07:23<00:43, 52.03it/s] 91%|█████████▏| 23765/26000 [07:23<00:42, 52.12it/s] 91%|█████████▏| 23771/26000 [07:23<00:42, 52.74it/s] 91%|█████████▏| 23777/26000 [07:23<00:40, 54.63it/s] 91%|█████████▏| 23783/26000 [07:23<00:41, 53.94it/s] 91%|█████████▏| 23789/26000 [07:24<00:41, 53.32it/s] 92%|█████████▏| 23795/26000 [07:24<00:41, 53.46it/s] 92%|█████████▏| 23801/26000 [07:24<00:40, 54.12it/s] 92%|█████████▏| 23807/26000 [07:24<00:39, 55.04it/s] 92%|█████████▏| 23813/26000 [07:24<00:40, 54.26it/s] 92%|█████████▏| 23819/26000 [07:24<00:40, 54.45it/s] 92%|█████████▏| 23825/26000 [07:24<00:39, 55.30it/s] 92%|█████████▏| 23831/26000 [07:24<00:39, 55.19it/s] 92%|█████████▏| 23837/26000 [07:24<00:39, 54.16it/s] 92%|█████████▏| 23843/26000 [07:25<00:40, 52.96it/s] 92%|█████████▏| 23849/26000 [07:25<00:40, 53.25it/s] 92%|█████████▏| 23855/26000 [07:25<00:39, 54.22it/s] 92%|█████████▏| 23861/26000 [07:25<00:39, 54.12it/s] 92%|█████████▏| 23867/26000 [07:25<00:39, 53.55it/s] 92%|█████████▏| 23873/26000 [07:25<00:40, 52.97it/s] 92%|█████████▏| 23879/26000 [07:25<00:39, 53.09it/s] 92%|█████████▏| 23885/26000 [07:25<00:40, 52.77it/s] 92%|█████████▏| 23891/26000 [07:25<00:40, 51.74it/s] 92%|█████████▏| 23897/26000 [07:26<00:40, 52.54it/s] 92%|█████████▏| 23903/26000 [07:26<00:39, 53.08it/s] 92%|█████████▏| 23909/26000 [07:26<00:38, 53.71it/s] 92%|█████████▏| 23915/26000 [07:26<00:38, 53.83it/s] 92%|█████████▏| 23921/26000 [07:26<00:38, 53.95it/s] 92%|█████████▏| 23927/26000 [07:26<00:38, 53.83it/s] 92%|█████████▏| 23933/26000 [07:26<00:38, 53.45it/s] 92%|█████████▏| 23939/26000 [07:26<00:39, 52.20it/s] 92%|█████████▏| 23945/26000 [07:26<00:39, 52.54it/s] 92%|█████████▏| 23951/26000 [07:27<00:38, 52.85it/s] 92%|█████████▏| 23957/26000 [07:27<00:37, 53.82it/s] 92%|█████████▏| 23963/26000 [07:27<00:38, 53.56it/s] 92%|█████████▏| 23969/26000 [07:27<00:37, 53.63it/s] 92%|█████████▏| 23975/26000 [07:27<00:37, 54.20it/s] 92%|█████████▏| 23981/26000 [07:27<00:37, 54.14it/s] 92%|█████████▏| 23987/26000 [07:27<00:37, 53.75it/s] 92%|█████████▏| 23993/26000 [07:27<00:36, 54.41it/s] 92%|█████████▏| 23999/26000 [07:27<00:36, 54.29it/s] 92%|█████████▏| 24005/26000 [07:28<00:36, 54.76it/s] 92%|█████████▏| 24011/26000 [07:28<00:36, 53.97it/s] 92%|█████████▏| 24017/26000 [07:28<00:36, 54.59it/s] 92%|█████████▏| 24023/26000 [07:28<00:36, 54.64it/s] 92%|█████████▏| 24029/26000 [07:28<00:36, 53.65it/s] 92%|█████████▏| 24035/26000 [07:28<00:37, 52.98it/s] 92%|█████████▏| 24041/26000 [07:28<00:36, 53.44it/s] 92%|█████████▏| 24047/26000 [07:28<00:36, 52.89it/s] 93%|█████████▎| 24053/26000 [07:28<00:37, 52.59it/s] 93%|█████████▎| 24059/26000 [07:29<00:36, 53.38it/s] 93%|█████████▎| 24065/26000 [07:29<00:36, 53.39it/s] 93%|█████████▎| 24071/26000 [07:29<00:36, 52.86it/s] 93%|█████████▎| 24077/26000 [07:29<00:36, 53.03it/s] 93%|█████████▎| 24083/26000 [07:29<00:35, 54.11it/s] 93%|█████████▎| 24089/26000 [07:29<00:35, 54.46it/s] 93%|█████████▎| 24095/26000 [07:29<00:35, 54.29it/s] 93%|█████████▎| 24101/26000 [07:29<00:35, 53.13it/s] 93%|█████████▎| 24107/26000 [07:29<00:36, 52.18it/s] 93%|█████████▎| 24113/26000 [07:30<00:36, 51.73it/s] 93%|█████████▎| 24119/26000 [07:30<00:35, 53.33it/s] 93%|█████████▎| 24125/26000 [07:30<00:34, 53.95it/s] 93%|█████████▎| 24131/26000 [07:30<00:34, 54.57it/s] 93%|█████████▎| 24137/26000 [07:30<00:33, 55.14it/s] 93%|█████████▎| 24143/26000 [07:30<00:34, 54.09it/s] 93%|█████████▎| 24149/26000 [07:30<00:34, 53.19it/s] 93%|█████████▎| 24155/26000 [07:30<00:35, 52.25it/s] 93%|█████████▎| 24161/26000 [07:30<00:35, 51.64it/s] 93%|█████████▎| 24167/26000 [07:31<00:35, 51.86it/s] 93%|█████████▎| 24173/26000 [07:31<00:35, 51.65it/s] 93%|█████████▎| 24179/26000 [07:31<00:34, 52.71it/s] 93%|█████████▎| 24185/26000 [07:31<00:34, 52.49it/s] 93%|█████████▎| 24191/26000 [07:31<00:35, 51.43it/s] 93%|█████████▎| 24197/26000 [07:31<00:34, 51.53it/s] 93%|█████████▎| 24203/26000 [07:31<00:34, 52.38it/s] 93%|█████████▎| 24209/26000 [07:31<00:33, 52.93it/s] 93%|█████████▎| 24215/26000 [07:31<00:33, 53.63it/s] 93%|█████████▎| 24221/26000 [07:32<00:33, 53.81it/s] 93%|█████████▎| 24227/26000 [07:32<00:33, 53.47it/s] 93%|█████████▎| 24233/26000 [07:32<00:33, 53.36it/s] 93%|█████████▎| 24239/26000 [07:32<00:32, 54.18it/s] 93%|█████████▎| 24245/26000 [07:32<00:32, 53.33it/s] 93%|█████████▎| 24251/26000 [07:32<00:33, 52.24it/s] 93%|█████████▎| 24257/26000 [07:32<00:33, 51.47it/s] 93%|█████████▎| 24263/26000 [07:32<00:34, 51.01it/s] 93%|█████████▎| 24269/26000 [07:33<00:33, 52.27it/s] 93%|█████████▎| 24275/26000 [07:33<00:32, 52.81it/s] 93%|█████████▎| 24281/26000 [07:33<00:32, 52.37it/s] 93%|█████████▎| 24287/26000 [07:33<00:33, 51.69it/s] 93%|█████████▎| 24293/26000 [07:33<00:33, 51.17it/s] 93%|█████████▎| 24299/26000 [07:33<00:33, 51.29it/s] 93%|█████████▎| 24305/26000 [07:33<00:32, 52.72it/s] 94%|█████████▎| 24311/26000 [07:33<00:31, 53.19it/s] 94%|█████████▎| 24317/26000 [07:33<00:31, 53.45it/s] 94%|█████████▎| 24323/26000 [07:34<00:31, 53.52it/s] 94%|█████████▎| 24329/26000 [07:34<00:31, 52.47it/s] 94%|█████████▎| 24335/26000 [07:34<00:31, 52.34it/s] 94%|█████████▎| 24341/26000 [07:34<00:30, 53.86it/s] 94%|█████████▎| 24347/26000 [07:34<00:30, 54.16it/s] 94%|█████████▎| 24353/26000 [07:34<00:30, 54.67it/s] 94%|█████████▎| 24359/26000 [07:34<00:30, 52.94it/s] 94%|█████████▎| 24365/26000 [07:34<00:31, 52.72it/s] 94%|█████████▎| 24371/26000 [07:34<00:31, 52.54it/s] 94%|█████████▍| 24377/26000 [07:35<00:30, 52.47it/s] 94%|█████████▍| 24383/26000 [07:35<00:30, 53.40it/s] 94%|█████████▍| 24389/26000 [07:35<00:30, 52.68it/s] 94%|█████████▍| 24395/26000 [07:35<00:29, 54.14it/s] 94%|█████████▍| 24401/26000 [07:35<00:30, 53.29it/s] 94%|█████████▍| 24407/26000 [07:35<00:29, 54.49it/s] 94%|█████████▍| 24413/26000 [07:35<00:29, 53.72it/s] 94%|█████████▍| 24419/26000 [07:35<00:29, 54.18it/s] 94%|█████████▍| 24425/26000 [07:35<00:28, 55.38it/s] 94%|█████████▍| 24431/26000 [07:36<00:28, 54.19it/s] 94%|█████████▍| 24437/26000 [07:36<00:28, 54.92it/s] 94%|█████████▍| 24443/26000 [07:36<00:28, 54.17it/s] 94%|█████████▍| 24449/26000 [07:36<00:28, 55.00it/s] 94%|█████████▍| 24455/26000 [07:36<00:29, 53.14it/s] 94%|█████████▍| 24461/26000 [07:36<00:29, 52.39it/s] 94%|█████████▍| 24467/26000 [07:36<00:29, 52.37it/s] 94%|█████████▍| 24473/26000 [07:36<00:28, 52.99it/s] 94%|█████████▍| 24479/26000 [07:36<00:29, 52.32it/s] 94%|█████████▍| 24485/26000 [07:37<00:28, 52.68it/s] 94%|█████████▍| 24491/26000 [07:37<00:28, 52.68it/s] 94%|█████████▍| 24497/26000 [07:37<00:28, 52.69it/s] 94%|█████████▍| 24503/26000 [07:37<00:27, 53.86it/s] 94%|█████████▍| 24509/26000 [07:37<00:27, 54.26it/s] 94%|█████████▍| 24515/26000 [07:37<00:27, 53.76it/s] 94%|█████████▍| 24521/26000 [07:37<00:27, 53.85it/s] 94%|█████████▍| 24527/26000 [07:37<00:28, 52.38it/s] 94%|█████████▍| 24533/26000 [07:37<00:28, 51.60it/s] 94%|█████████▍| 24539/26000 [07:38<00:28, 51.22it/s] 94%|█████████▍| 24545/26000 [07:38<00:27, 52.72it/s] 94%|█████████▍| 24551/26000 [07:38<00:27, 52.80it/s] 94%|█████████▍| 24557/26000 [07:38<00:27, 52.84it/s] 94%|█████████▍| 24563/26000 [07:38<00:27, 51.71it/s] 94%|█████████▍| 24569/26000 [07:38<00:27, 52.19it/s] 95%|█████████▍| 24575/26000 [07:38<00:27, 51.91it/s] 95%|█████████▍| 24581/26000 [07:38<00:26, 53.52it/s] 95%|█████████▍| 24587/26000 [07:38<00:25, 54.45it/s] 95%|█████████▍| 24593/26000 [07:39<00:25, 54.96it/s] 95%|█████████▍| 24599/26000 [07:39<00:25, 55.94it/s] 95%|█████████▍| 24605/26000 [07:39<00:24, 56.45it/s] 95%|█████████▍| 24611/26000 [07:39<00:24, 55.57it/s] 95%|█████████▍| 24617/26000 [07:39<00:25, 55.19it/s] 95%|█████████▍| 24623/26000 [07:39<00:25, 54.00it/s] 95%|█████████▍| 24629/26000 [07:39<00:25, 54.27it/s] 95%|█████████▍| 24635/26000 [07:39<00:25, 54.46it/s] 95%|█████████▍| 24641/26000 [07:39<00:25, 54.06it/s] 95%|█████████▍| 24647/26000 [07:40<00:25, 53.17it/s] 95%|█████████▍| 24653/26000 [07:40<00:25, 53.34it/s] 95%|█████████▍| 24659/26000 [07:40<00:24, 53.76it/s] 95%|█████████▍| 24665/26000 [07:40<00:24, 54.25it/s] 95%|█████████▍| 24671/26000 [07:40<00:24, 55.27it/s] 95%|█████████▍| 24677/26000 [07:40<00:24, 54.71it/s] 95%|█████████▍| 24683/26000 [07:40<00:24, 53.96it/s] 95%|█████████▍| 24689/26000 [07:40<00:24, 53.59it/s] 95%|█████████▍| 24695/26000 [07:40<00:24, 52.89it/s] 95%|█████████▌| 24701/26000 [07:41<00:24, 52.71it/s] 95%|█████████▌| 24707/26000 [07:41<00:24, 53.48it/s] 95%|█████████▌| 24713/26000 [07:41<00:24, 52.50it/s] 95%|█████████▌| 24719/26000 [07:41<00:24, 51.64it/s] 95%|█████████▌| 24725/26000 [07:41<00:24, 51.03it/s] 95%|█████████▌| 24731/26000 [07:41<00:24, 50.82it/s] 95%|█████████▌| 24737/26000 [07:41<00:24, 51.29it/s] 95%|█████████▌| 24743/26000 [07:41<00:24, 51.00it/s] 95%|█████████▌| 24749/26000 [07:42<00:24, 51.49it/s] 95%|█████████▌| 24755/26000 [07:42<00:24, 51.22it/s] 95%|█████████▌| 24761/26000 [07:42<00:24, 51.14it/s] 95%|█████████▌| 24767/26000 [07:42<00:23, 51.97it/s] 95%|█████████▌| 24773/26000 [07:42<00:22, 53.52it/s] 95%|█████████▌| 24779/26000 [07:42<00:22, 53.93it/s] 95%|█████████▌| 24785/26000 [07:42<00:22, 54.03it/s] 95%|█████████▌| 24791/26000 [07:42<00:22, 54.46it/s] 95%|█████████▌| 24797/26000 [07:42<00:22, 54.38it/s] 95%|█████████▌| 24803/26000 [07:43<00:22, 53.82it/s] 95%|█████████▌| 24809/26000 [07:43<00:22, 53.02it/s] 95%|█████████▌| 24815/26000 [07:43<00:22, 53.20it/s] 95%|█████████▌| 24821/26000 [07:43<00:21, 54.31it/s] 95%|█████████▌| 24827/26000 [07:43<00:21, 53.99it/s] 96%|█████████▌| 24833/26000 [07:43<00:21, 53.11it/s] 96%|█████████▌| 24839/26000 [07:43<00:22, 52.40it/s] 96%|█████████▌| 24845/26000 [07:43<00:22, 52.41it/s] 96%|█████████▌| 24851/26000 [07:43<00:22, 52.00it/s] 96%|█████████▌| 24857/26000 [07:44<00:21, 52.97it/s] 96%|█████████▌| 24863/26000 [07:44<00:21, 53.25it/s] 96%|█████████▌| 24869/26000 [07:44<00:21, 52.43it/s] 96%|█████████▌| 24876/26000 [07:44<00:19, 56.57it/s] 96%|█████████▌| 24882/26000 [07:44<00:20, 55.30it/s] 96%|█████████▌| 24888/26000 [07:44<00:20, 53.51it/s] 96%|█████████▌| 24894/26000 [07:44<00:20, 53.71it/s] 96%|█████████▌| 24900/26000 [07:44<00:20, 54.72it/s] 96%|█████████▌| 24906/26000 [07:44<00:19, 54.98it/s] 96%|█████████▌| 24912/26000 [07:45<00:19, 55.72it/s] 96%|█████████▌| 24918/26000 [07:45<00:19, 55.76it/s] 96%|█████████▌| 24924/26000 [07:45<00:19, 55.54it/s] 96%|█████████▌| 24930/26000 [07:45<00:19, 54.39it/s] 96%|█████████▌| 24936/26000 [07:45<00:19, 54.70it/s] 96%|█████████▌| 24942/26000 [07:45<00:19, 55.44it/s] 96%|█████████▌| 24948/26000 [07:45<00:19, 54.99it/s] 96%|█████████▌| 24954/26000 [07:45<00:19, 54.77it/s] 96%|█████████▌| 24960/26000 [07:45<00:19, 53.58it/s] 96%|█████████▌| 24966/26000 [07:46<00:19, 52.47it/s] 96%|█████████▌| 24972/26000 [07:46<00:19, 52.91it/s] 96%|█████████▌| 24978/26000 [07:46<00:19, 53.54it/s] 96%|█████████▌| 24984/26000 [07:46<00:18, 53.50it/s] 96%|█████████▌| 24990/26000 [07:46<00:18, 53.58it/s] 96%|█████████▌| 24996/26000 [07:46<00:18, 53.65it/s] 96%|█████████▌| 25002/26000 [07:46<00:18, 54.14it/s] 96%|█████████▌| 25008/26000 [07:46<00:18, 53.62it/s] 96%|█████████▌| 25014/26000 [07:46<00:18, 53.15it/s] 96%|█████████▌| 25020/26000 [07:47<00:18, 52.76it/s] 96%|█████████▋| 25026/26000 [07:47<00:18, 52.49it/s] 96%|█████████▋| 25032/26000 [07:47<00:18, 52.59it/s] 96%|█████████▋| 25038/26000 [07:47<00:18, 52.88it/s] 96%|█████████▋| 25044/26000 [07:47<00:17, 53.52it/s] 96%|█████████▋| 25050/26000 [07:47<00:17, 53.69it/s] 96%|█████████▋| 25056/26000 [07:47<00:17, 54.13it/s] 96%|█████████▋| 25062/26000 [07:47<00:17, 53.81it/s] 96%|█████████▋| 25068/26000 [07:47<00:17, 53.60it/s] 96%|█████████▋| 25074/26000 [07:48<00:17, 53.50it/s] 96%|█████████▋| 25080/26000 [07:48<00:17, 53.26it/s] 96%|█████████▋| 25086/26000 [07:48<00:16, 54.37it/s] 97%|█████████▋| 25092/26000 [07:48<00:16, 53.47it/s] 97%|█████████▋| 25098/26000 [07:48<00:17, 52.65it/s] 97%|█████████▋| 25104/26000 [07:48<00:17, 51.76it/s] 97%|█████████▋| 25110/26000 [07:48<00:17, 51.34it/s] 97%|█████████▋| 25116/26000 [07:48<00:16, 52.61it/s] 97%|█████████▋| 25122/26000 [07:48<00:16, 52.99it/s] 97%|█████████▋| 25128/26000 [07:49<00:16, 53.95it/s] 97%|█████████▋| 25134/26000 [07:49<00:16, 53.94it/s] 97%|█████████▋| 25140/26000 [07:49<00:15, 53.77it/s] 97%|█████████▋| 25146/26000 [07:49<00:15, 54.92it/s] 97%|█████████▋| 25152/26000 [07:49<00:15, 53.85it/s] 97%|█████████▋| 25158/26000 [07:49<00:15, 52.65it/s] 97%|█████████▋| 25164/26000 [07:49<00:15, 52.74it/s] 97%|█████████▋| 25170/26000 [07:49<00:15, 53.08it/s] 97%|█████████▋| 25176/26000 [07:50<00:15, 52.23it/s] 97%|█████████▋| 25182/26000 [07:50<00:15, 51.60it/s] 97%|█████████▋| 25188/26000 [07:50<00:15, 51.10it/s] 97%|█████████▋| 25194/26000 [07:50<00:15, 51.18it/s] 97%|█████████▋| 25200/26000 [07:50<00:15, 51.89it/s] 97%|█████████▋| 25206/26000 [07:50<00:15, 51.98it/s] 97%|█████████▋| 25212/26000 [07:50<00:15, 51.18it/s] 97%|█████████▋| 25218/26000 [07:50<00:14, 52.67it/s] 97%|█████████▋| 25224/26000 [07:50<00:14, 54.18it/s] 97%|█████████▋| 25230/26000 [07:51<00:14, 53.55it/s] 97%|█████████▋| 25236/26000 [07:51<00:14, 52.48it/s] 97%|█████████▋| 25242/26000 [07:51<00:14, 51.78it/s] 97%|█████████▋| 25248/26000 [07:51<00:14, 51.18it/s] 97%|█████████▋| 25254/26000 [07:51<00:14, 50.90it/s] 97%|█████████▋| 25260/26000 [07:51<00:14, 51.59it/s] 97%|█████████▋| 25266/26000 [07:51<00:14, 51.77it/s] 97%|█████████▋| 25272/26000 [07:51<00:14, 51.54it/s] 97%|█████████▋| 25278/26000 [07:51<00:14, 51.38it/s] 97%|█████████▋| 25284/26000 [07:52<00:14, 51.11it/s] 97%|█████████▋| 25290/26000 [07:52<00:13, 51.33it/s] 97%|█████████▋| 25296/26000 [07:52<00:13, 51.32it/s] 97%|█████████▋| 25302/26000 [07:52<00:13, 52.54it/s] 97%|█████████▋| 25308/26000 [07:52<00:12, 53.72it/s] 97%|█████████▋| 25314/26000 [07:52<00:12, 53.31it/s] 97%|█████████▋| 25320/26000 [07:52<00:12, 52.88it/s] 97%|█████████▋| 25326/26000 [07:52<00:12, 53.67it/s] 97%|█████████▋| 25332/26000 [07:53<00:12, 53.44it/s] 97%|█████████▋| 25338/26000 [07:53<00:12, 53.06it/s] 97%|█████████▋| 25344/26000 [07:53<00:12, 53.75it/s] 98%|█████████▊| 25350/26000 [07:53<00:11, 54.31it/s] 98%|█████████▊| 25356/26000 [07:53<00:11, 55.12it/s] 98%|█████████▊| 25362/26000 [07:53<00:11, 53.52it/s] 98%|█████████▊| 25368/26000 [07:53<00:12, 52.60it/s] 98%|█████████▊| 25374/26000 [07:53<00:11, 53.45it/s] 98%|█████████▊| 25380/26000 [07:53<00:11, 53.48it/s] 98%|█████████▊| 25386/26000 [07:54<00:11, 54.12it/s] 98%|█████████▊| 25392/26000 [07:54<00:11, 54.16it/s] 98%|█████████▊| 25398/26000 [07:54<00:11, 52.85it/s] 98%|█████████▊| 25404/26000 [07:54<00:11, 52.28it/s] 98%|█████████▊| 25410/26000 [07:54<00:11, 53.58it/s] 98%|█████████▊| 25416/26000 [07:54<00:11, 52.91it/s] 98%|█████████▊| 25422/26000 [07:54<00:10, 53.40it/s] 98%|█████████▊| 25428/26000 [07:54<00:10, 54.72it/s] 98%|█████████▊| 25434/26000 [07:54<00:10, 54.92it/s] 98%|█████████▊| 25440/26000 [07:55<00:10, 55.02it/s] 98%|█████████▊| 25446/26000 [07:55<00:10, 55.12it/s] 98%|█████████▊| 25452/26000 [07:55<00:09, 55.73it/s] 98%|█████████▊| 25458/26000 [07:55<00:09, 54.43it/s] 98%|█████████▊| 25464/26000 [07:55<00:10, 53.04it/s] 98%|█████████▊| 25470/26000 [07:55<00:10, 51.93it/s] 98%|█████████▊| 25476/26000 [07:55<00:10, 51.36it/s] 98%|█████████▊| 25482/26000 [07:55<00:10, 51.75it/s] 98%|█████████▊| 25488/26000 [07:55<00:09, 52.07it/s] 98%|█████████▊| 25494/26000 [07:56<00:09, 52.05it/s] 98%|█████████▊| 25500/26000 [07:56<00:09, 51.64it/s] 98%|█████████▊| 25506/26000 [07:56<00:09, 52.63it/s] 98%|█████████▊| 25512/26000 [07:56<00:09, 52.94it/s] 98%|█████████▊| 25518/26000 [07:56<00:08, 53.71it/s] 98%|█████████▊| 25524/26000 [07:56<00:08, 55.18it/s] 98%|█████████▊| 25530/26000 [07:56<00:08, 55.69it/s] 98%|█████████▊| 25536/26000 [07:56<00:08, 55.16it/s] 98%|█████████▊| 25542/26000 [07:56<00:08, 54.72it/s] 98%|█████████▊| 25548/26000 [07:57<00:08, 54.14it/s] 98%|█████████▊| 25554/26000 [07:57<00:08, 54.74it/s] 98%|█████████▊| 25560/26000 [07:57<00:08, 54.58it/s] 98%|█████████▊| 25566/26000 [07:57<00:08, 54.16it/s] 98%|█████████▊| 25572/26000 [07:57<00:07, 53.66it/s] 98%|█████████▊| 25578/26000 [07:57<00:07, 53.70it/s] 98%|█████████▊| 25584/26000 [07:57<00:07, 54.70it/s] 98%|█████████▊| 25590/26000 [07:57<00:07, 54.33it/s] 98%|█████████▊| 25596/26000 [07:57<00:07, 54.76it/s] 98%|█████████▊| 25602/26000 [07:58<00:07, 55.50it/s] 98%|█████████▊| 25608/26000 [07:58<00:06, 56.04it/s] 99%|█████████▊| 25614/26000 [07:58<00:07, 54.66it/s] 99%|█████████▊| 25620/26000 [07:58<00:07, 53.71it/s] 99%|█████████▊| 25626/26000 [07:58<00:06, 53.55it/s] 99%|█████████▊| 25632/26000 [07:58<00:06, 54.38it/s] 99%|█████████▊| 25638/26000 [07:58<00:06, 55.01it/s] 99%|█████████▊| 25644/26000 [07:58<00:06, 54.32it/s] 99%|█████████▊| 25650/26000 [07:58<00:06, 54.15it/s] 99%|█████████▊| 25656/26000 [07:59<00:06, 53.56it/s] 99%|█████████▊| 25662/26000 [07:59<00:06, 53.37it/s] 99%|█████████▊| 25668/26000 [07:59<00:06, 53.39it/s] 99%|█████████▊| 25674/26000 [07:59<00:06, 53.37it/s] 99%|█████████▉| 25680/26000 [07:59<00:05, 53.48it/s] 99%|█████████▉| 25686/26000 [07:59<00:05, 53.19it/s] 99%|█████████▉| 25692/26000 [07:59<00:05, 53.71it/s] 99%|█████████▉| 25698/26000 [07:59<00:05, 54.25it/s] 99%|█████████▉| 25704/26000 [07:59<00:05, 55.02it/s] 99%|█████████▉| 25710/26000 [08:00<00:05, 54.51it/s] 99%|█████████▉| 25716/26000 [08:00<00:05, 53.68it/s] 99%|█████████▉| 25722/26000 [08:00<00:05, 52.33it/s] 99%|█████████▉| 25728/26000 [08:00<00:05, 53.30it/s] 99%|█████████▉| 25734/26000 [08:00<00:04, 54.07it/s] 99%|█████████▉| 25740/26000 [08:00<00:04, 54.33it/s] 99%|█████████▉| 25746/26000 [08:00<00:04, 52.87it/s] 99%|█████████▉| 25752/26000 [08:00<00:04, 52.11it/s] 99%|█████████▉| 25758/26000 [08:00<00:04, 52.45it/s] 99%|█████████▉| 25764/26000 [08:01<00:04, 51.99it/s] 99%|█████████▉| 25770/26000 [08:01<00:04, 51.38it/s] 99%|█████████▉| 25776/26000 [08:01<00:04, 52.44it/s] 99%|█████████▉| 25783/26000 [08:01<00:03, 54.70it/s] 99%|█████████▉| 25789/26000 [08:01<00:03, 53.81it/s] 99%|█████████▉| 25795/26000 [08:01<00:03, 53.26it/s] 99%|█████████▉| 25801/26000 [08:01<00:03, 52.68it/s] 99%|█████████▉| 25807/26000 [08:01<00:03, 53.08it/s] 99%|█████████▉| 25813/26000 [08:01<00:03, 52.83it/s] 99%|█████████▉| 25819/26000 [08:02<00:03, 51.84it/s] 99%|█████████▉| 25825/26000 [08:02<00:03, 51.71it/s] 99%|█████████▉| 25831/26000 [08:02<00:03, 52.19it/s] 99%|█████████▉| 25837/26000 [08:02<00:03, 52.27it/s] 99%|█████████▉| 25843/26000 [08:02<00:03, 51.44it/s] 99%|█████████▉| 25849/26000 [08:02<00:02, 51.22it/s] 99%|█████████▉| 25855/26000 [08:02<00:02, 53.30it/s] 99%|█████████▉| 25861/26000 [08:02<00:02, 53.65it/s] 99%|█████████▉| 25867/26000 [08:02<00:02, 53.30it/s]100%|█████████▉| 25873/26000 [08:03<00:02, 52.76it/s]100%|█████████▉| 25879/26000 [08:03<00:02, 52.94it/s]100%|█████████▉| 25885/26000 [08:03<00:02, 53.00it/s]100%|█████████▉| 25891/26000 [08:03<00:02, 52.02it/s]100%|█████████▉| 25897/26000 [08:03<00:01, 51.60it/s]100%|█████████▉| 25903/26000 [08:03<00:01, 51.81it/s]100%|█████████▉| 25909/26000 [08:03<00:01, 51.57it/s]100%|█████████▉| 25915/26000 [08:03<00:01, 51.89it/s]100%|█████████▉| 25921/26000 [08:04<00:01, 52.19it/s]100%|█████████▉| 25927/26000 [08:04<00:01, 53.55it/s]100%|█████████▉| 25933/26000 [08:04<00:01, 52.80it/s]100%|█████████▉| 25939/26000 [08:04<00:01, 52.35it/s]100%|█████████▉| 25945/26000 [08:04<00:01, 52.32it/s]100%|█████████▉| 25952/26000 [08:04<00:00, 54.95it/s]100%|█████████▉| 25958/26000 [08:04<00:00, 56.01it/s]100%|█████████▉| 25964/26000 [08:04<00:00, 54.62it/s]100%|█████████▉| 25970/26000 [08:04<00:00, 55.30it/s]100%|█████████▉| 25976/26000 [08:05<00:00, 56.15it/s]100%|█████████▉| 25982/26000 [08:05<00:00, 56.58it/s]100%|█████████▉| 25989/26000 [08:05<00:00, 58.96it/s]100%|█████████▉| 25995/26000 [08:05<00:00, 56.84it/s]100%|██████████| 26000/26000 [08:05<00:00, 53.56it/s]
INFO: 地图精化完成
Eval: 已保存渲染使用的PLY文件: 
results/stereo_seq_easy_stereo_seq_easy/2026-02-19-19-25-14/render_ply/point_clo
ud_after_opt.ply
