{
    "mean_psnr": 28.22372614069188,
    "mean_ssim": 0.8029713037800281,
    "mean_lpips": 0.4626164769238614
}