{
    "rmse": 0.0009939065712917085,
    "mean": 0.0009576325123443529,
    "median": 0.0010360115706368033,
    "std": 0.0002660643601797938,
    "min": 0.00042731977559515614,
    "max": 0.0012877754233530962,
    "sse": 8.89065245211156e-06
}