{
    "mean_psnr": 28.072869097932855,
    "mean_ssim": 0.7995734205271335,
    "mean_lpips": 0.4340019116693355
}