{
    "rmse": 0.0005599119552343645,
    "mean": 0.0004340760859926825,
    "median": 0.0003429117426635512,
    "std": 0.0003536655894819883,
    "min": 9.766310424208708e-05,
    "max": 0.001644218764484446,
    "sse": 1.1913053109346022e-05
}