{
    "rmse": 0.0005323925124285378,
    "mean": 0.00044728533316154627,
    "median": 0.0003488768666933418,
    "std": 0.00028875182774925484,
    "min": 0.00018226369961659645,
    "max": 0.001543621412041925,
    "sse": 8.503253618699125e-06
}