{
    "rmse": 0.0005746542692566394,
    "mean": 0.0004613817926262031,
    "median": 0.00029198205483356053,
    "std": 0.00034257024185984616,
    "min": 0.00019017420438710055,
    "max": 0.0014497696481774046,
    "sse": 6.604550583497643e-06
}