{
    "rmse": 0.0007323583390952068,
    "mean": 0.0007066839782502204,
    "median": 0.0006227137639103365,
    "std": 0.00019221470216071373,
    "min": 0.0005060455062093606,
    "max": 0.0011654347883158953,
    "sse": 5.363487368422899e-06
}