{
    "mean_psnr": 24.60357929797883,
    "mean_ssim": 0.7729164025884994,
    "mean_lpips": 0.5818050272287206
}