{
    "rmse": 0.0008383808907850994,
    "mean": 0.0007948859674038658,
    "median": 0.0007636142649219019,
    "std": 0.0002665310804728732,
    "min": 0.0002998084283241448,
    "max": 0.0010665554029412507,
    "sse": 4.920177626235318e-06
}