{
    "mean_psnr": 26.933937345232284,
    "mean_ssim": 0.8577195467886987,
    "mean_lpips": 0.36361232148362443
}