{
    "mean_psnr": 27.147390877573113,
    "mean_ssim": 0.780880836436623,
    "mean_lpips": 0.3985952987482673
}