{
    "rmse": 0.0008972618776323606,
    "mean": 0.0008564042871775241,
    "median": 0.0008877011430970536,
    "std": 0.0002676762483977727,
    "min": 0.00047053305185709054,
    "max": 0.001200842207386773,
    "sse": 5.635552139366444e-06
}