{
    "rmse": 0.1745201704057536,
    "mean": 0.16393692059622242,
    "median": 0.16748784413159684,
    "std": 0.059849611058729026,
    "min": 0.07278041042713694,
    "max": 0.24716518503424445,
    "sse": 0.3045728987845327
}