{
    "mean_psnr": 25.941191583309532,
    "mean_ssim": 0.789623239505216,
    "mean_lpips": 0.5150212040112453
}