{
    "rmse": 0.0010654831409587476,
    "mean": 0.00097364980407643,
    "median": 0.0010553232978479205,
    "std": 0.0004327359271995429,
    "min": 0.00028672874349189325,
    "max": 0.0015903351720360052,
    "sse": 1.0217288913005867e-05
}