{
    "mean_psnr": 21.89130682020045,
    "mean_ssim": 0.6400397513339768,
    "mean_lpips": 0.7751793429922702
}