{
    "rmse": 0.0009707352729284369,
    "mean": 0.0009311214470847327,
    "median": 0.0010286283738539525,
    "std": 0.00027448100277848017,
    "min": 0.000382517229971826,
    "max": 0.0013112962642678936,
    "sse": 8.480942730967021e-06
}