{
    "mean_psnr": 29.662514584619295,
    "mean_ssim": 0.8285233041025558,
    "mean_lpips": 0.3554537183833572
}