{
    "rmse": 0.0007497742623902778,
    "mean": 0.0006367349007106028,
    "median": 0.0005713402194979711,
    "std": 0.0003958915391365974,
    "min": 0.0002260183460438195,
    "max": 0.0016428903493407605,
    "sse": 1.068106744631482e-05
}