{
    "rmse": 0.0007693650809415997,
    "mean": 0.000687238519747802,
    "median": 0.0006007922044527894,
    "std": 0.00034586969330533177,
    "min": 0.00029506262116948853,
    "max": 0.0013747835306587163,
    "sse": 5.919226277722743e-06
}